ride_id,driver_id,user_id,city,ride_date,distance_km,fare_amount,ride_status,driver_rating,payment_mode,fare_per_km
R10000,D282,U011,Pune,2025-08-17,19.14,362.01,Completed,4.6,UPI,18.913793103448274
R10001,D116,U518,Chennai,2025-07-17,6.47,518.71,Completed,3.5,UPI,80.17156105100464
R10002,D004,U149,Bengaluru,2025-09-09,17.39,646.31,Completed,4.5,UPI,37.165612420931566
R10003,D236,U166,Kochi,2025-09-27,18.69,415.33,Completed,3.3,UPI,22.222043873729266
R10004,D098,U123,Bengaluru,2025-07-31,7.54,669.14,Completed,4.9,Card,88.74535809018568
R10005,D069,U730,Pune,2025-09-26,4.63,528.0,Completed,3.0,UPI,114.03887688984881
R10006,D147,U063,Chennai,2025-09-14,7.52,309.85,Cancelled,4.1,UPI,41.203457446808514
R10007,D137,U583,Hyderabad,2025-10-03,4.07,584.66,Completed,3.7,UPI,143.65110565110564
R10008,D238,U585,Bengaluru,2025-09-06,1.93,584.33,Completed,4.9,UPI,302.76165803108813
R10009,D185,U748,Chennai,2025-09-27,12.4,280.23,Completed,3.6,UPI,22.5991935483871
R10010,D102,U217,Hyderabad,2025-09-07,14.9,723.23,Completed,3.1,Cash,48.538926174496645
R10011,D036,U745,Kochi,2025-09-16,13.65,731.76,Completed,4.6,Card,53.60879120879121
R10012,D052,U598,Bengaluru,2025-09-04,8.7,475.54,Completed,4.3,UPI,54.65977011494254
R10013,D039,U120,Bengaluru,2025-07-03,2.81,281.37,Completed,3.9,Cash,100.13167259786476
R10014,D234,U573,Hyderabad,2025-07-14,8.61,617.34,Completed,5.0,Cash,71.70034843205576
R10015,D250,U232,Kochi,2025-08-18,10.49,55.61,Completed,3.8,UPI,5.3012392755004765
R10016,D130,U761,Chennai,2025-10-07,12.36,387.85,Completed,3.6,UPI,31.379449838187707
R10017,D232,U730,Bengaluru,2025-09-28,16.66,570.44,Completed,3.6,UPI,34.240096038415366
R10018,D228,U799,Chennai,2025-08-08,15.86,470.17,Completed,4.4,Cash,29.64501891551072
R10019,D149,U052,Bengaluru,2025-09-16,19.42,464.09,Completed,3.5,UPI,23.897528321318227
R10020,D063,U209,Chennai,2025-08-17,5.1,509.33,Completed,3.1,Cash,99.8686274509804
R10021,D275,U561,Kochi,2025-09-20,16.2,733.23,Completed,5.0,UPI,45.26111111111111
R10022,D218,U338,Bengaluru,2025-07-23,4.5,94.28,Completed,3.8,Cash,20.95111111111111
R10023,D273,U636,Chennai,2025-07-20,5.98,624.49,Completed,3.3,UPI,104.42976588628763
R10024,D163,U653,Hyderabad,2025-08-02,7.75,583.88,Completed,4.3,UPI,75.33935483870968
R10025,D213,U213,Hyderabad,2025-08-09,12.33,440.56,Completed,4.7,UPI,35.73073803730738
R10026,D217,U579,Hyderabad,2025-09-07,16.26,368.55,Completed,4.8,UPI,22.666051660516604
R10027,D109,U045,Pune,2025-07-30,7.33,129.62,Completed,4.2,UPI,17.68349249658936
R10028,D103,U270,Pune,2025-08-04,13.82,357.85,Completed,4.9,UPI,25.893632416787266
R10029,D228,U760,Kochi,2025-08-25,7.43,409.89,Completed,4.5,UPI,55.16689098250337
R10030,D200,U295,Hyderabad,2025-08-11,5.63,91.24,Completed,3.0,UPI,16.206039076376552
R10031,D146,U480,Chennai,2025-08-17,4.75,524.17,Completed,3.2,UPI,110.35157894736841
R10032,D273,U048,Bengaluru,2025-09-25,4.5,615.49,Completed,4.0,UPI,136.77555555555557
R10033,D074,U624,Bengaluru,2025-09-23,6.95,404.22,Completed,3.4,Cash,58.161151079136694
R10034,D168,U297,Hyderabad,2025-07-20,1.69,595.54,Cancelled,4.0,UPI,352.3905325443787
R10035,D053,U096,Kochi,2025-07-02,18.35,703.16,Completed,4.2,Card,38.31934604904632
R10036,D134,U213,Bengaluru,2025-07-29,10.2,100.65,Cancelled,4.5,Cash,9.86764705882353
R10037,D161,U643,Kochi,2025-09-05,4.31,546.64,Completed,3.3,UPI,126.83062645011601
R10038,D031,U430,Hyderabad,2025-08-24,6.76,105.41,Completed,3.2,Card,15.59319526627219
R10039,D179,U568,Pune,2025-09-20,17.53,55.33,Completed,4.0,UPI,3.1563034797490013
R10040,D011,U567,Hyderabad,2025-07-15,10.6,585.0,Completed,3.4,UPI,55.18867924528302
R10041,D234,U693,Bengaluru,2025-07-29,10.59,93.5,Completed,3.9,Cash,8.829084041548631
R10042,D180,U313,Hyderabad,2025-08-04,9.53,412.2,Completed,4.6,UPI,43.25288562434418
R10043,D167,U337,Chennai,2025-08-02,15.59,738.3,Completed,3.2,UPI,47.35728030788967
R10044,D170,U003,Pune,2025-08-30,17.56,633.39,Cancelled,4.7,UPI,36.07004555808656
R10045,D279,U310,Hyderabad,2025-09-15,5.03,550.14,Completed,3.0,Card,109.37176938369781
R10046,D165,U206,Bengaluru,2025-08-08,19.05,226.58,Completed,4.6,UPI,11.893963254593176
R10047,D209,U239,Bengaluru,2025-07-31,11.91,125.97,Completed,3.9,UPI,10.57682619647355
R10048,D185,U241,Chennai,2025-08-01,19.79,104.67,Completed,3.3,Cash,5.289034866093987
R10049,D191,U171,Pune,2025-09-04,6.58,582.06,Completed,3.1,UPI,88.45896656534954
R10050,D190,U052,Chennai,2025-08-24,9.9,702.45,Completed,3.3,Card,70.95454545454545
R10051,D203,U035,Chennai,2025-08-18,9.48,361.33,Cancelled,4.8,UPI,38.11497890295358
R10052,D300,U424,Pune,2025-10-07,9.94,672.82,Cancelled,3.6,Cash,67.68812877263582
R10053,D140,U649,Pune,2025-08-19,11.54,446.49,Completed,4.5,UPI,38.690641247833625
R10054,D180,U400,Pune,2025-09-24,4.13,281.9,Cancelled,4.6,Cash,68.25665859564164
R10055,D273,U107,Kochi,2025-08-02,13.73,345.02,Completed,4.7,UPI,25.128914785142022
R10056,D028,U330,Kochi,2025-10-04,4.72,299.45,Completed,3.7,UPI,63.442796610169495
R10057,D270,U502,Kochi,2025-08-01,18.26,758.82,Completed,4.7,Cash,41.55640744797371
R10058,D273,U410,Hyderabad,2025-09-26,4.86,785.12,Completed,4.1,Card,161.54732510288065
R10059,D212,U285,Bengaluru,2025-08-25,10.63,634.0,Completed,4.9,UPI,59.64252116650987
R10060,D175,U057,Hyderabad,2025-08-01,7.15,514.55,Completed,4.3,Cash,71.96503496503496
R10061,D134,U600,Hyderabad,2025-08-23,8.86,693.61,Completed,3.2,Cash,78.28555304740406
R10062,D187,U291,Bengaluru,2025-08-11,14.66,513.57,Cancelled,3.4,Cash,35.032060027285134
R10063,D126,U751,Hyderabad,2025-07-08,1.26,492.29,Completed,4.0,UPI,390.7063492063492
R10064,D181,U331,Hyderabad,2025-10-09,4.38,229.84,Completed,4.2,UPI,52.47488584474886
R10065,D030,U397,Bengaluru,2025-08-31,17.47,598.73,Completed,4.5,Cash,34.27189467658844
R10066,D173,U413,Kochi,2025-09-21,5.14,689.89,Completed,3.2,Cash,134.21984435797665
R10067,D003,U303,Chennai,2025-08-20,17.46,320.1,Completed,4.2,UPI,18.333333333333332
R10068,D248,U208,Pune,2025-07-19,13.13,772.2,Completed,4.6,Card,58.81188118811881
R10069,D130,U504,Bengaluru,2025-09-11,3.97,246.27,Completed,3.5,Cash,62.032745591939545
R10070,D264,U008,Bengaluru,2025-09-03,19.62,117.05,Completed,3.1,Cash,5.96585117227319
R10071,D241,U610,Bengaluru,2025-08-20,18.4,335.78,Completed,3.6,Cash,18.24891304347826
R10072,D245,U448,Bengaluru,2025-07-26,2.44,436.36,Completed,3.4,Cash,178.8360655737705
R10073,D040,U611,Chennai,2025-09-08,13.22,695.4,Completed,4.0,UPI,52.602118003025716
R10074,D215,U498,Bengaluru,2025-09-17,18.27,563.8,Cancelled,4.7,Card,30.859332238642583
R10075,D137,U174,Pune,2025-09-07,3.89,490.21,Completed,4.5,Cash,126.01799485861181
R10076,D077,U083,Chennai,2025-07-10,10.09,198.21,Completed,4.1,UPI,19.644202180376613
R10077,D154,U210,Chennai,2025-08-27,4.64,461.93,Completed,4.5,Card,99.55387931034484
R10078,D250,U244,Hyderabad,2025-07-26,6.3,262.89,Completed,4.4,UPI,41.72857142857143
R10079,D103,U430,Hyderabad,2025-07-25,19.28,628.1,Completed,4.8,UPI,32.57780082987552
R10080,D295,U673,Hyderabad,2025-08-09,6.31,555.86,Completed,3.3,UPI,88.09191759112521
R10081,D300,U436,Bengaluru,2025-07-04,16.11,790.43,Completed,4.9,Card,49.06455617628802
R10082,D003,U774,Bengaluru,2025-09-05,2.08,196.78,Completed,4.6,UPI,94.60576923076923
R10083,D260,U623,Hyderabad,2025-09-15,2.27,304.92,Completed,4.2,UPI,134.32599118942733
R10084,D158,U727,Kochi,2025-10-08,9.33,149.31,Completed,3.6,UPI,16.0032154340836
R10085,D273,U039,Hyderabad,2025-09-30,15.04,139.93,Completed,3.6,UPI,9.303856382978724
R10086,D219,U354,Pune,2025-09-13,14.81,292.12,Completed,3.3,Card,19.724510465901417
R10087,D098,U368,Bengaluru,2025-07-26,3.34,269.26,Completed,3.0,UPI,80.61676646706587
R10088,D084,U460,Hyderabad,2025-08-02,13.1,635.51,Completed,4.0,Cash,48.512213740458016
R10089,D059,U590,Chennai,2025-08-01,3.62,540.39,Completed,3.0,UPI,149.27900552486187
R10090,D103,U741,Hyderabad,2025-09-05,9.62,264.79,Completed,3.2,UPI,27.524948024948028
R10091,D067,U336,Bengaluru,2025-08-06,16.13,148.6,Completed,4.7,Cash,9.21264724116553
R10092,D166,U468,Bengaluru,2025-08-04,15.47,674.52,Cancelled,3.1,Cash,43.601809954751126
R10093,D085,U616,Kochi,2025-08-04,12.21,724.93,Completed,3.1,UPI,59.371826371826366
R10094,D081,U759,Pune,2025-10-01,11.27,342.88,Completed,4.3,Cash,30.42413487133984
R10095,D014,U575,Pune,2025-07-15,13.04,635.23,Completed,4.5,Card,48.71395705521473
R10096,D097,U280,Hyderabad,2025-07-08,14.55,382.17,Completed,5.0,Card,26.265979381443298
R10097,D002,U442,Pune,2025-09-10,15.97,150.19,Completed,4.8,Cash,9.404508453350031
R10098,D214,U468,Kochi,2025-09-03,19.62,477.55,Completed,4.3,UPI,24.339959225280325
R10099,D168,U274,Kochi,2025-08-08,6.87,599.34,Completed,3.1,UPI,87.24017467248909
R10100,D233,U414,Chennai,2025-09-28,12.88,705.3,Completed,4.7,UPI,54.75931677018633
R10101,D014,U769,Chennai,2025-07-15,9.87,402.59,Completed,3.1,UPI,40.789260385005065
R10102,D093,U200,Pune,2025-08-25,2.21,611.96,Completed,3.5,Card,276.90497737556564
R10103,D088,U057,Bengaluru,2025-07-20,18.17,90.32,Completed,3.2,UPI,4.9708310401761135
R10104,D074,U294,Kochi,2025-08-16,17.41,55.07,Completed,4.2,Cash,3.163124641010913
R10105,D088,U227,Kochi,2025-09-06,3.08,284.6,Completed,4.5,UPI,92.40259740259741
R10106,D259,U568,Hyderabad,2025-07-28,1.95,109.05,Completed,4.9,Cash,55.92307692307692
R10107,D016,U734,Bengaluru,2025-07-26,19.84,275.36,Completed,4.8,UPI,13.879032258064518
R10108,D147,U552,Pune,2025-07-10,19.41,262.43,Completed,3.7,UPI,13.520350334878929
R10109,D128,U740,Hyderabad,2025-09-12,5.39,331.61,Completed,3.9,UPI,61.52319109461967
R10110,D039,U168,Hyderabad,2025-08-01,13.6,216.86,Completed,3.9,UPI,15.94558823529412
R10111,D065,U653,Chennai,2025-07-18,9.02,508.69,Completed,4.4,Cash,56.39578713968958
R10112,D016,U697,Hyderabad,2025-07-24,6.74,367.21,Completed,4.3,Cash,54.482195845697326
R10113,D220,U030,Chennai,2025-08-29,6.56,267.12,Completed,3.2,UPI,40.71951219512196
R10114,D196,U373,Kochi,2025-08-30,14.05,215.25,Cancelled,3.6,UPI,15.320284697508896
R10115,D236,U470,Kochi,2025-07-29,16.91,50.8,Completed,4.9,UPI,3.0041395623891187
R10116,D213,U154,Pune,2025-08-16,9.28,305.92,Completed,3.3,Card,32.96551724137932
R10117,D112,U566,Kochi,2025-09-20,2.14,269.32,Completed,3.3,Cash,125.85046728971962
R10118,D228,U263,Chennai,2025-08-06,11.31,157.84,Completed,3.2,Cash,13.95579133510168
R10119,D135,U304,Hyderabad,2025-07-21,11.86,390.88,Completed,4.6,UPI,32.95784148397976
R10120,D085,U638,Pune,2025-09-25,6.0,570.69,Completed,4.9,Cash,95.11500000000001
R10121,D157,U250,Chennai,2025-07-13,16.01,667.04,Completed,5.0,UPI,41.66396002498438
R10122,D034,U418,Hyderabad,2025-08-08,1.03,264.73,Completed,4.6,Cash,257.0194174757282
R10123,D240,U780,Bengaluru,2025-07-25,5.59,567.64,Completed,4.8,UPI,101.54561717352415
R10124,D040,U039,Bengaluru,2025-07-14,7.72,395.28,Completed,3.4,UPI,51.2020725388601
R10125,D145,U680,Pune,2025-08-16,17.44,299.32,Completed,4.8,Card,17.162844036697248
R10126,D208,U365,Pune,2025-07-08,15.86,550.02,Completed,3.2,UPI,34.6796973518285
R10127,D199,U114,Kochi,2025-10-06,11.74,420.32,Completed,3.4,UPI,35.80238500851789
R10128,D270,U014,Kochi,2025-08-11,17.45,291.65,Completed,4.1,UPI,16.7134670487106
R10129,D130,U758,Kochi,2025-07-13,11.43,793.21,Completed,4.7,UPI,69.39720034995626
R10130,D111,U632,Bengaluru,2025-10-01,4.19,640.28,Completed,3.0,Cash,152.81145584725536
R10131,D018,U034,Kochi,2025-09-12,3.54,143.67,Completed,3.3,Card,40.58474576271186
R10132,D276,U776,Hyderabad,2025-09-26,18.11,769.91,Completed,4.0,Cash,42.512976256212035
R10133,D088,U192,Pune,2025-08-28,10.57,477.49,Completed,3.6,UPI,45.17407757805109
R10134,D051,U488,Chennai,2025-10-09,3.59,225.82,Completed,4.8,Cash,62.902506963788305
R10135,D238,U554,Kochi,2025-10-09,6.0,552.32,Completed,4.6,Cash,92.05333333333334
R10136,D172,U035,Chennai,2025-08-22,1.29,92.52,Completed,4.9,UPI,71.72093023255813
R10137,D007,U044,Chennai,2025-07-11,13.84,211.45,Completed,3.8,UPI,15.278179190751445
R10138,D264,U047,Hyderabad,2025-09-19,18.93,519.65,Completed,4.4,UPI,27.451135763338616
R10139,D119,U530,Pune,2025-07-04,2.5,796.2,Completed,4.3,UPI,318.48
R10140,D223,U092,Chennai,2025-08-21,12.76,526.68,Completed,4.6,UPI,41.275862068965516
R10141,D097,U544,Kochi,2025-07-12,3.61,242.65,Completed,3.5,Card,67.21606648199446
R10142,D177,U560,Chennai,2025-09-11,15.37,328.48,Completed,3.6,UPI,21.371502927781396
R10143,D111,U737,Bengaluru,2025-07-04,16.94,133.86,Completed,3.9,Cash,7.902007083825266
R10144,D014,U585,Bengaluru,2025-07-20,7.75,698.37,Completed,4.7,Cash,90.11225806451613
R10145,D075,U469,Chennai,2025-07-21,8.85,639.48,Cancelled,4.1,UPI,72.25762711864407
R10146,D058,U787,Hyderabad,2025-07-09,9.97,650.64,Completed,4.5,Cash,65.25977933801404
R10147,D035,U248,Bengaluru,2025-07-05,18.55,626.71,Completed,3.8,UPI,33.78490566037736
R10148,D272,U120,Pune,2025-08-20,7.7,220.57,Completed,4.8,Cash,28.645454545454545
R10149,D112,U540,Chennai,2025-07-16,7.73,794.91,Completed,3.9,UPI,102.83441138421732
R10150,D123,U022,Hyderabad,2025-07-25,2.88,439.57,Completed,4.7,UPI,152.62847222222223
R10151,D095,U592,Kochi,2025-08-06,8.75,439.24,Completed,3.8,Cash,50.19885714285714
R10152,D245,U468,Hyderabad,2025-08-10,1.3,497.35,Completed,4.9,UPI,382.5769230769231
R10153,D182,U442,Kochi,2025-09-23,14.66,488.12,Cancelled,3.2,Cash,33.29604365620737
R10154,D221,U784,Kochi,2025-08-17,6.01,164.32,Completed,4.1,UPI,27.34109816971714
R10155,D292,U465,Hyderabad,2025-08-22,10.66,562.5,Completed,4.6,UPI,52.76735459662289
R10156,D042,U454,Bengaluru,2025-09-10,1.96,704.94,Cancelled,4.9,UPI,359.66326530612247
R10157,D091,U486,Hyderabad,2025-09-07,11.98,378.71,Completed,4.9,UPI,31.6118530884808
R10158,D253,U341,Chennai,2025-10-05,18.59,294.73,Cancelled,4.8,UPI,15.854222700376548
R10159,D252,U304,Hyderabad,2025-08-20,16.0,373.24,Completed,4.2,UPI,23.3275
R10160,D253,U135,Kochi,2025-07-31,2.99,345.15,Completed,3.3,Cash,115.43478260869564
R10161,D025,U430,Kochi,2025-07-25,11.85,702.57,Completed,4.0,UPI,59.288607594936714
R10162,D152,U331,Hyderabad,2025-09-02,4.04,534.7,Completed,4.6,UPI,132.35148514851485
R10163,D294,U406,Hyderabad,2025-08-15,16.58,559.17,Completed,4.0,Cash,33.725572979493364
R10164,D107,U528,Pune,2025-09-22,13.15,148.97,Completed,3.6,Cash,11.328517110266159
R10165,D033,U616,Chennai,2025-08-30,7.96,342.28,Completed,3.2,UPI,43.0
R10166,D027,U638,Chennai,2025-08-28,11.75,223.95,Completed,4.1,UPI,19.059574468085106
R10167,D275,U337,Bengaluru,2025-07-26,14.34,125.76,Completed,5.0,UPI,8.769874476987448
R10168,D252,U274,Pune,2025-08-31,15.06,454.58,Completed,4.2,Cash,30.184594953519255
R10169,D130,U132,Chennai,2025-08-27,9.88,563.51,Completed,4.0,UPI,57.03542510121457
R10170,D264,U233,Pune,2025-07-15,2.01,346.12,Completed,3.8,Card,172.1990049751244
R10171,D195,U705,Bengaluru,2025-07-13,16.42,737.45,Completed,3.8,Card,44.911693057247255
R10172,D055,U617,Chennai,2025-07-13,3.93,579.39,Completed,3.7,Cash,147.42748091603053
R10173,D122,U655,Chennai,2025-09-13,18.2,699.33,Completed,3.8,Cash,38.424725274725276
R10174,D037,U537,Kochi,2025-07-01,14.55,273.81,Completed,4.8,UPI,18.81855670103093
R10175,D225,U705,Bengaluru,2025-09-08,2.54,334.31,Completed,3.7,UPI,131.61811023622047
R10176,D143,U358,Bengaluru,2025-09-14,19.77,574.11,Completed,4.1,UPI,29.039453717754174
R10177,D178,U115,Bengaluru,2025-07-03,9.67,520.46,Completed,3.5,UPI,53.82213029989659
R10178,D064,U088,Kochi,2025-09-19,17.53,97.3,Completed,4.3,UPI,5.550484883057615
R10179,D006,U454,Pune,2025-07-15,15.91,251.38,Completed,4.9,UPI,15.80012570710245
R10180,D162,U542,Hyderabad,2025-10-05,1.01,301.94,Completed,4.1,Card,298.9504950495049
R10181,D028,U133,Bengaluru,2025-07-17,18.83,516.55,Completed,3.5,Cash,27.432288900690388
R10182,D240,U350,Bengaluru,2025-07-05,4.4,264.19,Completed,3.5,UPI,60.043181818181814
R10183,D259,U191,Kochi,2025-07-01,12.1,743.07,Completed,3.5,UPI,61.4107438016529
R10184,D038,U494,Pune,2025-08-30,4.71,626.14,Completed,4.6,Cash,132.9384288747346
R10185,D188,U236,Pune,2025-07-16,13.71,301.45,Completed,4.1,UPI,21.98760029175784
R10186,D270,U652,Chennai,2025-07-25,13.56,750.35,Completed,3.0,Cash,55.33554572271387
R10187,D276,U161,Kochi,2025-09-03,17.59,682.97,Completed,3.6,UPI,38.82717453098351
R10188,D027,U020,Hyderabad,2025-09-25,15.09,147.39,Completed,3.5,Cash,9.767395626242545
R10189,D249,U274,Pune,2025-09-17,14.07,274.14,Completed,4.1,UPI,19.484008528784646
R10190,D176,U683,Hyderabad,2025-09-01,17.14,736.58,Completed,3.2,UPI,42.97432905484248
R10191,D157,U765,Chennai,2025-08-12,7.09,212.58,Completed,3.8,Cash,29.983074753173486
R10192,D170,U587,Pune,2025-07-14,16.98,197.87,Completed,3.7,UPI,11.653121319199057
R10193,D062,U368,Kochi,2025-07-04,19.89,755.84,Completed,4.5,UPI,38.001005530417295
R10194,D245,U603,Chennai,2025-09-26,17.02,726.67,Completed,3.5,UPI,42.69506462984724
R10195,D241,U584,Chennai,2025-08-03,16.72,542.44,Completed,4.4,UPI,32.44258373205742
R10196,D081,U014,Kochi,2025-08-15,17.27,746.63,Completed,4.7,UPI,43.23277359583092
R10197,D248,U199,Pune,2025-09-06,8.42,434.8,Cancelled,4.7,UPI,51.63895486935867
R10198,D206,U213,Pune,2025-10-03,4.5,463.62,Completed,5.0,Cash,103.02666666666667
R10199,D280,U588,Pune,2025-10-09,14.69,594.39,Completed,5.0,Cash,40.46221919673247
R10200,D260,U582,Pune,2025-09-22,10.04,792.06,Completed,4.4,Cash,78.89043824701196
R10201,D040,U406,Chennai,2025-08-21,17.34,218.62,Cancelled,4.6,UPI,12.607843137254902
R10202,D267,U795,Kochi,2025-10-09,4.39,85.05,Completed,4.9,UPI,19.373576309794988
R10203,D241,U027,Hyderabad,2025-08-01,17.28,786.18,Completed,4.9,Cash,45.49652777777777
R10204,D291,U379,Pune,2025-09-14,18.76,66.78,Completed,4.0,Cash,3.559701492537313
R10205,D135,U483,Chennai,2025-10-07,2.28,413.65,Completed,3.4,UPI,181.42543859649123
R10206,D189,U171,Hyderabad,2025-09-08,15.39,768.59,Completed,4.7,UPI,49.94087069525666
R10207,D203,U262,Bengaluru,2025-07-16,9.53,476.34,Completed,3.9,UPI,49.983210912906614
R10208,D094,U008,Pune,2025-07-10,5.82,160.71,Completed,4.7,Cash,27.61340206185567
R10209,D032,U439,Bengaluru,2025-08-18,5.28,197.48,Completed,3.8,UPI,37.40151515151515
R10210,D135,U324,Hyderabad,2025-09-13,9.1,126.89,Completed,3.8,UPI,13.943956043956044
R10211,D032,U297,Pune,2025-08-17,12.6,132.94,Completed,3.9,UPI,10.55079365079365
R10212,D203,U398,Pune,2025-08-11,6.21,647.09,Cancelled,4.6,Cash,104.20128824476652
R10213,D275,U245,Pune,2025-08-19,4.54,386.93,Completed,4.2,Cash,85.22687224669603
R10214,D283,U690,Bengaluru,2025-07-25,3.34,62.21,Completed,4.6,UPI,18.625748502994014
R10215,D064,U655,Pune,2025-07-01,8.88,174.42,Completed,4.0,UPI,19.641891891891888
R10216,D255,U319,Bengaluru,2025-09-11,2.74,230.28,Completed,3.5,UPI,84.04379562043795
R10217,D235,U141,Pune,2025-08-10,9.9,769.42,Completed,3.6,Cash,77.71919191919191
R10218,D144,U414,Hyderabad,2025-08-04,4.79,770.14,Completed,3.8,Card,160.78079331941544
R10219,D199,U460,Hyderabad,2025-09-25,14.91,747.32,Completed,4.0,UPI,50.122065727699535
R10220,D077,U713,Pune,2025-08-19,11.1,589.27,Completed,4.3,UPI,53.08738738738739
R10221,D162,U696,Pune,2025-07-22,14.36,599.0,Completed,3.9,UPI,41.713091922005574
R10222,D239,U366,Hyderabad,2025-10-01,15.43,482.77,Completed,4.7,UPI,31.287751134154245
R10223,D217,U331,Kochi,2025-09-30,10.66,732.74,Completed,4.3,UPI,68.73733583489681
R10224,D290,U018,Chennai,2025-09-18,7.42,563.04,Completed,3.5,UPI,75.88140161725067
R10225,D228,U654,Bengaluru,2025-08-25,17.22,753.78,Completed,4.4,Cash,43.77351916376307
R10226,D167,U678,Kochi,2025-07-08,6.83,167.81,Completed,4.3,UPI,24.569546120058565
R10227,D259,U183,Chennai,2025-09-18,2.36,98.07,Completed,3.1,UPI,41.55508474576271
R10228,D096,U434,Bengaluru,2025-07-02,8.3,553.69,Completed,3.9,UPI,66.70963855421687
R10229,D158,U149,Pune,2025-10-01,10.04,422.66,Completed,3.4,UPI,42.097609561752996
R10230,D247,U466,Pune,2025-07-20,1.6,481.86,Completed,3.3,UPI,301.16249999999997
R10231,D125,U656,Hyderabad,2025-10-04,2.03,759.61,Completed,3.1,UPI,374.19211822660105
R10232,D241,U015,Kochi,2025-10-08,18.06,577.67,Completed,4.4,UPI,31.986157253599114
R10233,D207,U780,Kochi,2025-10-09,5.49,65.1,Completed,3.8,Cash,11.857923497267757
R10234,D175,U699,Bengaluru,2025-09-29,11.45,103.2,Completed,3.4,Cash,9.013100436681224
R10235,D069,U405,Chennai,2025-09-03,5.63,772.25,Cancelled,3.8,Cash,137.1669626998224
R10236,D181,U594,Chennai,2025-07-24,8.54,370.57,Completed,3.6,Cash,43.39227166276347
R10237,D083,U461,Pune,2025-08-22,16.48,196.89,Completed,3.1,Cash,11.947208737864077
R10238,D181,U275,Bengaluru,2025-08-24,1.86,575.09,Completed,3.8,Cash,309.18817204301075
R10239,D216,U686,Pune,2025-07-02,18.69,796.13,Completed,3.4,UPI,42.596575708935255
R10240,D053,U359,Pune,2025-08-31,13.25,258.88,Completed,3.8,UPI,19.53811320754717
R10241,D210,U301,Bengaluru,2025-08-13,9.62,519.36,Completed,3.5,UPI,53.98752598752599
R10242,D204,U400,Pune,2025-09-23,6.18,716.75,Completed,3.5,UPI,115.9789644012945
R10243,D111,U353,Hyderabad,2025-08-27,19.22,604.82,Completed,3.5,Cash,31.468262226847038
R10244,D100,U619,Pune,2025-10-03,17.39,564.52,Completed,3.2,Cash,32.46233467510063
R10245,D004,U797,Kochi,2025-08-14,1.58,717.03,Completed,4.1,UPI,453.81645569620247
R10246,D005,U524,Chennai,2025-08-03,5.81,684.25,Completed,4.3,Card,117.77108433734941
R10247,D237,U765,Chennai,2025-07-10,15.18,327.89,Completed,3.7,UPI,21.600131752305664
R10248,D291,U036,Hyderabad,2025-09-15,11.18,238.4,Completed,4.6,UPI,21.323792486583184
R10249,D124,U758,Bengaluru,2025-08-02,1.38,737.31,Cancelled,4.1,Cash,534.2826086956521
R10250,D289,U070,Pune,2025-07-28,8.99,574.02,Cancelled,4.5,Cash,63.850945494994434
R10251,D177,U471,Bengaluru,2025-07-17,12.16,312.59,Completed,5.0,Cash,25.70641447368421
R10252,D269,U480,Bengaluru,2025-09-06,3.21,693.39,Completed,3.1,UPI,216.00934579439252
R10253,D263,U053,Pune,2025-07-19,6.87,576.89,Completed,3.5,UPI,83.97234352256186
R10254,D062,U257,Kochi,2025-07-16,3.01,141.21,Completed,4.2,UPI,46.91362126245848
R10255,D050,U452,Hyderabad,2025-07-11,10.17,746.96,Completed,3.5,UPI,73.44739429695183
R10256,D268,U627,Bengaluru,2025-07-20,13.76,463.85,Completed,3.8,Cash,33.710029069767444
R10257,D232,U250,Kochi,2025-08-22,1.16,244.45,Completed,3.6,Card,210.73275862068965
R10258,D152,U511,Chennai,2025-08-25,8.14,419.55,Completed,3.3,Card,51.54176904176904
R10259,D190,U648,Kochi,2025-09-26,1.63,613.8,Completed,3.1,Card,376.5644171779141
R10260,D275,U445,Kochi,2025-07-03,11.13,723.09,Completed,4.4,Cash,64.96765498652292
R10261,D008,U426,Chennai,2025-09-09,5.16,353.96,Completed,3.2,UPI,68.5968992248062
R10262,D202,U678,Kochi,2025-07-03,6.42,80.69,Completed,4.9,UPI,12.56853582554517
R10263,D222,U196,Hyderabad,2025-08-22,7.0,369.6,Completed,4.5,UPI,52.800000000000004
R10264,D083,U125,Bengaluru,2025-09-25,11.79,253.99,Completed,4.1,UPI,21.542832909245124
R10265,D037,U684,Pune,2025-09-16,15.69,660.17,Completed,4.3,Cash,42.07584448693435
R10266,D202,U277,Kochi,2025-07-16,15.92,624.18,Cancelled,5.0,UPI,39.2072864321608
R10267,D096,U039,Hyderabad,2025-09-18,18.22,311.11,Completed,4.3,Cash,17.07519209659715
R10268,D182,U798,Kochi,2025-10-02,13.77,89.87,Completed,4.8,Cash,6.526506899055919
R10269,D157,U752,Kochi,2025-09-13,9.81,148.86,Completed,4.2,UPI,15.174311926605505
R10270,D078,U225,Kochi,2025-09-17,15.81,429.79,Completed,3.1,UPI,27.18469323213156
R10271,D131,U771,Pune,2025-07-18,13.93,208.26,Completed,4.9,Cash,14.950466618808328
R10272,D223,U730,Pune,2025-10-09,8.69,507.34,Cancelled,3.3,Cash,58.38204833141542
R10273,D089,U596,Chennai,2025-08-09,10.04,212.98,Completed,4.1,Card,21.213147410358566
R10274,D241,U423,Hyderabad,2025-08-02,12.14,75.01,Cancelled,3.7,UPI,6.1787479406919275
R10275,D083,U327,Kochi,2025-10-05,9.8,704.07,Completed,4.9,UPI,71.84387755102041
R10276,D136,U346,Bengaluru,2025-07-24,13.43,574.14,Completed,4.9,Cash,42.75055845122859
R10277,D122,U403,Bengaluru,2025-07-16,12.44,195.13,Cancelled,3.9,UPI,15.685691318327974
R10278,D088,U153,Hyderabad,2025-08-01,12.39,239.19,Completed,3.5,UPI,19.30508474576271
R10279,D249,U045,Bengaluru,2025-09-21,8.21,441.44,Completed,3.4,UPI,53.768574908647985
R10280,D268,U499,Bengaluru,2025-07-01,19.45,86.14,Completed,4.8,UPI,4.42879177377892
R10281,D210,U188,Kochi,2025-08-23,1.12,197.96,Completed,4.1,Cash,176.75
R10282,D171,U007,Hyderabad,2025-07-23,1.69,576.73,Completed,3.8,UPI,341.2603550295858
R10283,D070,U158,Pune,2025-07-03,10.68,326.15,Completed,4.6,Card,30.538389513108612
R10284,D171,U124,Pune,2025-09-21,17.78,110.14,Completed,3.7,UPI,6.194600674915635
R10285,D013,U184,Hyderabad,2025-10-08,9.22,666.22,Completed,3.5,UPI,72.2581344902386
R10286,D209,U650,Bengaluru,2025-09-05,5.73,557.9,Completed,3.0,UPI,97.36474694589877
R10287,D125,U508,Hyderabad,2025-10-04,12.82,554.85,Completed,4.1,Cash,43.28003120124805
R10288,D021,U316,Bengaluru,2025-08-25,19.49,674.88,Completed,3.3,Cash,34.62698819907645
R10289,D137,U375,Hyderabad,2025-09-28,13.38,530.12,Completed,4.4,Cash,39.6203288490284
R10290,D075,U580,Pune,2025-07-19,15.91,518.21,Completed,3.5,UPI,32.571338780641106
R10291,D219,U621,Hyderabad,2025-08-12,9.02,165.09,Completed,3.9,UPI,18.302660753880268
R10292,D163,U679,Bengaluru,2025-08-13,16.19,681.86,Completed,4.5,Cash,42.11612106238419
R10293,D216,U606,Hyderabad,2025-08-18,9.44,492.92,Completed,4.2,UPI,52.21610169491526
R10294,D206,U286,Chennai,2025-09-10,11.61,556.18,Completed,3.9,UPI,47.9052540913006
R10295,D051,U750,Bengaluru,2025-09-17,19.12,643.63,Completed,3.1,UPI,33.662656903765686
R10296,D203,U335,Pune,2025-07-10,11.69,577.39,Completed,4.2,UPI,49.3917878528657
R10297,D235,U332,Chennai,2025-08-05,5.13,374.2,Completed,3.0,UPI,72.94346978557505
R10298,D052,U500,Chennai,2025-10-03,16.21,739.06,Completed,4.6,UPI,45.592843923504006
R10299,D205,U176,Chennai,2025-08-06,14.59,141.13,Completed,4.6,Cash,9.673063742289239
R10300,D144,U129,Chennai,2025-07-28,18.27,370.12,Completed,3.2,UPI,20.258347016967708
R10301,D264,U487,Bengaluru,2025-08-13,16.62,118.83,Completed,4.7,UPI,7.149819494584837
R10302,D198,U024,Chennai,2025-07-09,7.3,440.89,Completed,3.4,UPI,60.395890410958906
R10303,D225,U227,Kochi,2025-08-01,17.35,741.64,Completed,4.7,Cash,42.74582132564841
R10304,D144,U481,Kochi,2025-07-27,19.14,649.42,Completed,4.9,Cash,33.9299895506792
R10305,D052,U179,Bengaluru,2025-07-29,2.8,461.95,Completed,4.3,UPI,164.98214285714286
R10306,D158,U233,Pune,2025-09-14,7.78,270.8,Completed,4.9,UPI,34.80719794344473
R10307,D239,U629,Chennai,2025-08-17,9.39,782.32,Completed,3.6,UPI,83.31416400425985
R10308,D123,U404,Pune,2025-10-04,18.57,510.83,Completed,4.7,Cash,27.508346795907375
R10309,D244,U487,Kochi,2025-07-31,19.75,498.48,Completed,4.3,UPI,25.239493670886077
R10310,D092,U432,Chennai,2025-09-18,17.91,405.08,Completed,3.7,UPI,22.61753210496929
R10311,D257,U322,Kochi,2025-08-21,5.16,689.72,Cancelled,4.2,UPI,133.66666666666666
R10312,D125,U487,Kochi,2025-08-14,7.83,142.75,Completed,3.3,Card,18.23116219667944
R10313,D108,U079,Bengaluru,2025-08-24,3.57,186.91,Completed,4.6,Cash,52.35574229691877
R10314,D167,U156,Kochi,2025-07-25,17.91,228.24,Completed,3.4,UPI,12.743718592964825
R10315,D139,U199,Kochi,2025-07-30,11.42,96.54,Completed,3.7,UPI,8.453590192644484
R10316,D200,U795,Hyderabad,2025-10-09,17.23,338.65,Cancelled,4.1,UPI,19.654672083575157
R10317,D130,U452,Kochi,2025-08-01,8.1,453.17,Completed,3.8,UPI,55.94691358024692
R10318,D236,U778,Bengaluru,2025-07-04,4.94,519.22,Completed,3.8,Card,105.10526315789474
R10319,D228,U242,Kochi,2025-09-26,14.39,439.14,Completed,4.5,UPI,30.517025712300207
R10320,D258,U081,Chennai,2025-08-07,16.68,456.49,Cancelled,4.7,UPI,27.36750599520384
R10321,D016,U411,Bengaluru,2025-07-29,14.45,558.68,Completed,4.0,UPI,38.66297577854671
R10322,D282,U131,Chennai,2025-09-05,1.83,729.02,Completed,4.4,UPI,398.37158469945354
R10323,D077,U037,Kochi,2025-08-08,7.98,337.91,Completed,4.2,UPI,42.34461152882206
R10324,D197,U575,Bengaluru,2025-07-30,2.28,499.97,Completed,4.1,UPI,219.28508771929828
R10325,D234,U045,Kochi,2025-07-31,8.24,752.25,Completed,4.0,UPI,91.29247572815534
R10326,D267,U426,Pune,2025-09-16,6.15,524.48,Completed,3.7,UPI,85.28130081300813
R10327,D232,U612,Pune,2025-09-11,6.43,470.32,Cancelled,4.2,UPI,73.14463452566096
R10328,D027,U128,Pune,2025-09-11,13.64,651.51,Completed,3.5,Cash,47.76466275659824
R10329,D253,U194,Chennai,2025-09-17,16.46,91.52,Completed,4.8,Card,5.56014580801944
R10330,D281,U601,Kochi,2025-07-22,13.51,338.29,Cancelled,3.8,UPI,25.039970392302
R10331,D237,U599,Hyderabad,2025-09-17,7.39,753.25,Completed,3.1,UPI,101.92828146143438
R10332,D094,U187,Kochi,2025-07-15,14.05,644.24,Cancelled,3.4,UPI,45.85338078291815
R10333,D195,U447,Kochi,2025-08-21,12.81,637.19,Completed,3.3,Card,49.741608118657304
R10334,D274,U197,Chennai,2025-07-01,16.12,770.18,Completed,3.9,Cash,47.777915632754336
R10335,D072,U301,Pune,2025-07-27,17.31,456.92,Completed,3.4,UPI,26.39630271519353
R10336,D025,U368,Kochi,2025-09-27,9.73,334.75,Completed,4.3,UPI,34.40390544707091
R10337,D162,U237,Pune,2025-07-07,19.98,420.54,Completed,4.7,UPI,21.04804804804805
R10338,D060,U250,Bengaluru,2025-07-20,1.6,436.5,Completed,3.6,UPI,272.8125
R10339,D141,U784,Kochi,2025-08-07,19.72,433.63,Completed,3.7,UPI,21.989350912778907
R10340,D157,U052,Hyderabad,2025-08-04,7.69,754.47,Completed,3.4,Cash,98.11053315994798
R10341,D026,U307,Pune,2025-08-26,10.99,704.99,Completed,4.6,Cash,64.14831665150136
R10342,D078,U157,Kochi,2025-07-24,7.27,198.99,Completed,4.7,UPI,27.371389270976618
R10343,D112,U595,Kochi,2025-09-30,4.93,63.13,Completed,4.7,UPI,12.8052738336714
R10344,D183,U643,Bengaluru,2025-07-11,18.64,326.65,Cancelled,4.7,Card,17.524141630901287
R10345,D220,U501,Bengaluru,2025-08-07,12.16,500.35,Completed,3.8,Card,41.147203947368425
R10346,D095,U524,Hyderabad,2025-07-10,9.34,304.79,Completed,3.6,UPI,32.63276231263384
R10347,D221,U653,Pune,2025-09-17,2.97,168.2,Completed,3.5,UPI,56.63299663299662
R10348,D001,U732,Hyderabad,2025-08-26,5.67,519.63,Completed,3.8,Cash,91.64550264550265
R10349,D269,U651,Pune,2025-10-01,4.83,497.45,Cancelled,3.6,UPI,102.99171842650104
R10350,D095,U718,Bengaluru,2025-07-17,6.53,367.2,Completed,4.5,UPI,56.232771822358345
R10351,D068,U522,Pune,2025-09-10,12.73,458.95,Completed,4.7,UPI,36.05263157894736
R10352,D279,U027,Chennai,2025-09-30,1.43,549.56,Completed,4.8,UPI,384.30769230769226
R10353,D236,U253,Chennai,2025-07-23,17.21,580.71,Completed,3.3,Cash,33.74259151656014
R10354,D271,U247,Chennai,2025-09-28,3.47,51.73,Completed,4.7,UPI,14.907780979827088
R10355,D121,U605,Chennai,2025-07-10,13.61,406.14,Completed,3.5,Card,29.841293166789125
R10356,D147,U692,Chennai,2025-09-01,11.31,395.07,Completed,4.9,Cash,34.93103448275862
R10357,D052,U345,Pune,2025-07-13,4.15,337.87,Completed,3.5,UPI,81.4144578313253
R10358,D272,U333,Hyderabad,2025-08-04,8.01,510.68,Completed,4.8,UPI,63.75530586766542
R10359,D151,U749,Kochi,2025-08-22,18.99,768.28,Completed,3.6,UPI,40.45708267509215
R10360,D297,U487,Bengaluru,2025-09-13,12.13,495.73,Completed,3.1,Cash,40.86809563066777
R10361,D179,U430,Hyderabad,2025-08-12,17.19,351.99,Completed,4.7,UPI,20.476439790575917
R10362,D168,U454,Chennai,2025-09-08,7.95,216.48,Completed,4.6,UPI,27.23018867924528
R10363,D164,U147,Kochi,2025-08-24,6.4,629.02,Cancelled,4.0,UPI,98.284375
R10364,D251,U160,Chennai,2025-08-06,4.24,51.08,Completed,3.5,UPI,12.047169811320753
R10365,D299,U450,Chennai,2025-08-10,19.54,349.87,Completed,4.2,UPI,17.90532241555783
R10366,D104,U424,Kochi,2025-08-24,15.07,584.99,Completed,4.1,Cash,38.81818181818182
R10367,D057,U200,Pune,2025-10-01,18.7,257.73,Completed,4.0,UPI,13.782352941176471
R10368,D031,U786,Chennai,2025-09-06,15.45,177.89,Completed,3.1,Cash,11.513915857605177
R10369,D178,U369,Chennai,2025-08-29,5.73,507.26,Completed,4.5,Cash,88.52705061082024
R10370,D184,U385,Chennai,2025-07-01,15.93,551.21,Completed,3.8,UPI,34.60200878844947
R10371,D274,U539,Pune,2025-09-24,19.62,469.19,Completed,3.6,UPI,23.913863404689092
R10372,D170,U207,Hyderabad,2025-08-11,10.02,175.53,Cancelled,4.8,Cash,17.517964071856287
R10373,D148,U631,Chennai,2025-08-19,10.42,163.61,Completed,4.7,UPI,15.701535508637237
R10374,D190,U478,Chennai,2025-08-01,6.93,478.52,Completed,4.0,UPI,69.05050505050505
R10375,D236,U585,Bengaluru,2025-07-28,9.65,246.7,Completed,3.8,UPI,25.564766839378237
R10376,D215,U096,Chennai,2025-07-17,2.53,737.33,Completed,4.2,Cash,291.4347826086957
R10377,D297,U225,Hyderabad,2025-08-06,5.51,293.17,Completed,3.9,Cash,53.20689655172414
R10378,D007,U534,Kochi,2025-08-05,12.48,737.85,Completed,3.5,UPI,59.12259615384615
R10379,D055,U675,Chennai,2025-09-05,15.13,195.3,Completed,3.2,Cash,12.908129543952413
R10380,D232,U580,Kochi,2025-07-17,18.67,395.81,Cancelled,3.9,UPI,21.200321371183716
R10381,D217,U331,Pune,2025-09-12,3.53,396.76,Completed,4.8,UPI,112.39660056657225
R10382,D247,U418,Hyderabad,2025-07-23,10.3,648.69,Completed,3.3,Cash,62.97961165048544
R10383,D031,U781,Bengaluru,2025-08-29,8.03,109.4,Completed,3.7,UPI,13.623910336239105
R10384,D136,U200,Hyderabad,2025-07-15,10.12,208.23,Cancelled,3.3,Cash,20.57608695652174
R10385,D042,U315,Hyderabad,2025-09-21,19.45,567.71,Completed,4.8,UPI,29.188174807197946
R10386,D231,U101,Chennai,2025-08-17,18.09,736.86,Completed,4.4,Cash,40.733001658374796
R10387,D068,U150,Chennai,2025-08-05,10.68,449.06,Completed,3.4,Cash,42.04681647940075
R10388,D138,U074,Chennai,2025-09-04,19.68,126.51,Completed,3.1,UPI,6.428353658536586
R10389,D010,U293,Bengaluru,2025-08-10,1.69,300.63,Completed,4.8,Cash,177.88757396449705
R10390,D293,U327,Pune,2025-08-30,12.91,670.43,Completed,3.3,UPI,51.931061192873734
R10391,D226,U660,Kochi,2025-09-03,10.21,327.83,Completed,4.6,Cash,32.10871694417238
R10392,D096,U688,Pune,2025-08-02,3.61,516.28,Completed,3.5,Cash,143.01385041551245
R10393,D039,U070,Bengaluru,2025-09-02,14.78,525.57,Completed,4.6,UPI,35.55953991880921
R10394,D179,U627,Chennai,2025-10-06,19.84,156.41,Completed,4.8,UPI,7.883568548387097
R10395,D031,U027,Pune,2025-08-13,13.39,738.82,Completed,4.5,Card,55.17699775952203
R10396,D070,U711,Bengaluru,2025-08-12,11.76,389.22,Completed,3.6,Cash,33.09693877551021
R10397,D098,U246,Chennai,2025-07-07,7.9,395.85,Completed,4.9,Card,50.107594936708864
R10398,D004,U340,Pune,2025-08-24,1.29,743.49,Completed,4.3,UPI,576.3488372093024
R10399,D062,U160,Chennai,2025-07-16,11.6,651.06,Completed,3.2,UPI,56.12586206896552
R10400,D268,U402,Chennai,2025-07-07,10.04,89.47,Completed,5.0,UPI,8.911354581673308
R10401,D002,U263,Kochi,2025-09-06,5.04,730.98,Completed,4.0,UPI,145.03571428571428
R10402,D013,U289,Pune,2025-08-13,10.79,595.22,Completed,3.6,UPI,55.16404077849862
R10403,D060,U361,Bengaluru,2025-07-03,12.48,536.14,Completed,4.7,UPI,42.9599358974359
R10404,D185,U477,Bengaluru,2025-07-13,10.25,459.72,Completed,4.1,UPI,44.850731707317074
R10405,D012,U336,Pune,2025-08-01,4.83,295.65,Completed,4.8,UPI,61.211180124223596
R10406,D216,U190,Chennai,2025-08-24,5.73,638.7,Completed,4.8,Cash,111.46596858638743
R10407,D041,U305,Kochi,2025-07-09,16.16,415.55,Completed,3.1,Cash,25.714727722772277
R10408,D015,U613,Bengaluru,2025-08-10,4.08,671.79,Completed,3.6,UPI,164.65441176470588
R10409,D176,U034,Hyderabad,2025-09-03,11.99,139.92,Completed,4.7,Cash,11.669724770642201
R10410,D028,U360,Bengaluru,2025-08-26,11.01,137.51,Completed,4.6,Cash,12.489554950045413
R10411,D234,U528,Pune,2025-08-03,9.64,540.17,Completed,4.5,UPI,56.03423236514522
R10412,D125,U534,Pune,2025-09-01,19.81,55.83,Cancelled,4.2,UPI,2.8182735991923273
R10413,D125,U661,Bengaluru,2025-07-17,15.71,306.66,Completed,3.2,UPI,19.520050922978996
R10414,D064,U593,Bengaluru,2025-07-14,17.62,73.01,Cancelled,3.2,Card,4.1435868331441545
R10415,D062,U542,Pune,2025-09-11,17.24,663.63,Completed,3.5,UPI,38.493619489559165
R10416,D059,U031,Hyderabad,2025-09-29,1.86,670.19,Completed,4.6,UPI,360.31720430107526
R10417,D022,U213,Kochi,2025-09-15,13.79,194.73,Completed,4.4,UPI,14.121102248005801
R10418,D241,U458,Pune,2025-09-16,15.79,83.29,Completed,5.0,UPI,5.274857504749843
R10419,D178,U303,Kochi,2025-09-27,9.64,94.01,Completed,3.6,Cash,9.75207468879668
R10420,D240,U158,Bengaluru,2025-10-08,15.12,632.91,Completed,4.0,UPI,41.85912698412699
R10421,D005,U210,Pune,2025-07-17,17.69,745.32,Cancelled,4.2,UPI,42.13227812323346
R10422,D243,U682,Bengaluru,2025-09-19,13.33,303.84,Completed,4.0,Cash,22.79369842460615
R10423,D297,U379,Bengaluru,2025-07-08,4.51,470.56,Completed,5.0,Cash,104.33702882483371
R10424,D138,U240,Hyderabad,2025-08-02,19.12,164.46,Completed,4.3,Cash,8.601464435146443
R10425,D217,U256,Chennai,2025-08-31,12.33,766.17,Completed,4.7,UPI,62.138686131386855
R10426,D069,U431,Chennai,2025-09-06,5.11,64.46,Completed,3.5,UPI,12.614481409001955
R10427,D217,U758,Kochi,2025-07-05,13.93,578.22,Completed,3.9,Cash,41.50897343862168
R10428,D106,U086,Bengaluru,2025-07-30,13.0,157.07,Completed,3.1,Cash,12.082307692307692
R10429,D248,U537,Hyderabad,2025-09-19,6.71,89.04,Cancelled,3.6,Card,13.269746646795829
R10430,D224,U106,Pune,2025-08-18,9.77,315.79,Completed,3.1,Cash,32.3224155578301
R10431,D058,U008,Hyderabad,2025-08-13,5.83,455.62,Completed,4.1,Cash,78.15094339622641
R10432,D033,U472,Kochi,2025-09-20,18.69,124.17,Completed,3.7,UPI,6.643659711075441
R10433,D022,U531,Pune,2025-07-01,1.97,541.2,Completed,3.6,UPI,274.72081218274116
R10434,D270,U764,Kochi,2025-07-21,6.48,762.34,Completed,3.0,UPI,117.64506172839506
R10435,D006,U290,Chennai,2025-07-21,9.24,56.83,Completed,4.0,UPI,6.1504329004329
R10436,D063,U451,Bengaluru,2025-09-15,2.41,682.44,Completed,4.4,Card,283.17012448132783
R10437,D228,U749,Bengaluru,2025-07-05,18.11,166.12,Completed,4.7,Card,9.172832689122032
R10438,D277,U502,Pune,2025-08-07,5.11,709.58,Completed,3.4,UPI,138.86105675146771
R10439,D189,U477,Bengaluru,2025-07-31,2.18,508.38,Completed,3.4,UPI,233.2018348623853
R10440,D111,U408,Chennai,2025-09-15,13.91,592.17,Completed,3.3,UPI,42.57153127246585
R10441,D020,U229,Bengaluru,2025-09-23,3.28,614.98,Completed,3.5,UPI,187.4939024390244
R10442,D112,U235,Bengaluru,2025-07-17,8.5,102.5,Completed,3.9,UPI,12.058823529411764
R10443,D063,U747,Chennai,2025-07-10,9.02,305.75,Completed,4.0,Cash,33.89689578713969
R10444,D132,U484,Hyderabad,2025-07-18,6.45,416.08,Completed,5.0,UPI,64.50852713178294
R10445,D057,U128,Kochi,2025-08-03,12.86,227.77,Completed,4.1,UPI,17.711508553654745
R10446,D179,U505,Pune,2025-07-15,15.46,425.5,Completed,3.8,UPI,27.522639068564036
R10447,D104,U714,Bengaluru,2025-07-19,18.4,672.84,Completed,4.7,UPI,36.56739130434783
R10448,D173,U456,Bengaluru,2025-09-08,18.62,139.04,Completed,3.8,Cash,7.467239527389903
R10449,D063,U272,Chennai,2025-07-06,12.07,102.41,Completed,4.9,Cash,8.48467274233637
R10450,D095,U772,Pune,2025-10-06,7.48,706.72,Completed,3.5,UPI,94.4812834224599
R10451,D255,U333,Hyderabad,2025-10-06,1.26,548.02,Completed,3.6,Card,434.9365079365079
R10452,D179,U259,Pune,2025-10-01,16.22,341.52,Completed,4.1,UPI,21.05548705302096
R10453,D013,U491,Hyderabad,2025-08-18,14.79,629.33,Completed,4.7,UPI,42.551048005409065
R10454,D087,U286,Chennai,2025-08-10,10.08,344.38,Completed,4.1,Cash,34.16468253968254
R10455,D051,U422,Pune,2025-07-21,1.64,332.86,Completed,4.1,Card,202.96341463414637
R10456,D216,U009,Pune,2025-09-07,13.63,495.0,Completed,3.1,UPI,36.31694790902421
R10457,D037,U224,Kochi,2025-08-21,6.16,539.04,Completed,4.7,Cash,87.5064935064935
R10458,D118,U221,Kochi,2025-09-27,10.37,304.4,Completed,4.7,UPI,29.35390549662488
R10459,D107,U054,Bengaluru,2025-07-03,17.26,553.28,Completed,4.4,UPI,32.05561993047508
R10460,D003,U317,Bengaluru,2025-09-14,10.74,504.74,Completed,3.5,Card,46.99627560521415
R10461,D147,U245,Hyderabad,2025-09-23,6.71,255.64,Completed,4.9,UPI,38.0983606557377
R10462,D127,U318,Bengaluru,2025-08-21,7.46,173.37,Completed,4.3,UPI,23.239946380697052
R10463,D088,U742,Kochi,2025-09-05,1.56,409.06,Completed,4.5,UPI,262.21794871794873
R10464,D121,U696,Bengaluru,2025-09-03,17.38,770.09,Completed,3.8,UPI,44.3089758342923
R10465,D007,U389,Kochi,2025-08-30,13.88,409.95,Completed,4.1,UPI,29.53530259365994
R10466,D031,U361,Pune,2025-08-16,5.48,69.46,Completed,3.9,Cash,12.675182481751822
R10467,D085,U556,Chennai,2025-08-31,9.4,365.39,Completed,3.3,UPI,38.871276595744675
R10468,D009,U366,Hyderabad,2025-09-05,2.05,183.75,Completed,3.5,UPI,89.63414634146342
R10469,D034,U593,Chennai,2025-08-28,18.15,77.36,Completed,3.0,UPI,4.262258953168044
R10470,D111,U021,Kochi,2025-10-09,1.4,789.58,Completed,4.5,Card,563.9857142857144
R10471,D162,U012,Kochi,2025-08-28,2.25,260.93,Completed,4.1,UPI,115.9688888888889
R10472,D116,U301,Bengaluru,2025-09-28,14.93,486.92,Completed,3.5,UPI,32.613529805760216
R10473,D042,U729,Bengaluru,2025-07-10,19.23,506.02,Completed,4.2,UPI,26.31409256370255
R10474,D271,U401,Bengaluru,2025-07-24,7.06,639.57,Completed,4.3,Cash,90.59065155807366
R10475,D231,U747,Pune,2025-08-15,19.51,438.21,Completed,3.1,UPI,22.460789338800613
R10476,D023,U248,Bengaluru,2025-07-21,7.61,738.26,Completed,3.2,Card,97.01182654402102
R10477,D100,U363,Chennai,2025-09-05,5.54,186.29,Completed,4.0,Cash,33.62635379061372
R10478,D292,U213,Hyderabad,2025-09-04,12.17,485.04,Completed,3.7,UPI,39.85538208709943
R10479,D268,U105,Kochi,2025-07-26,3.71,644.05,Cancelled,3.3,UPI,173.59838274932613
R10480,D092,U412,Chennai,2025-08-09,8.83,124.36,Completed,4.6,UPI,14.083805209513024
R10481,D042,U104,Kochi,2025-07-18,14.72,146.21,Cancelled,3.4,UPI,9.93274456521739
R10482,D039,U466,Bengaluru,2025-09-17,14.68,558.73,Completed,3.5,UPI,38.060626702997276
R10483,D220,U345,Chennai,2025-07-08,12.71,303.54,Cancelled,3.5,UPI,23.88198269079465
R10484,D235,U272,Pune,2025-09-10,2.38,232.57,Cancelled,4.3,UPI,97.71848739495799
R10485,D093,U050,Kochi,2025-08-09,10.0,752.71,Completed,4.5,Cash,75.271
R10486,D195,U358,Pune,2025-09-09,6.97,643.34,Completed,3.5,Cash,92.30129124820661
R10487,D018,U489,Pune,2025-09-19,14.12,544.69,Cancelled,4.9,Cash,38.5757790368272
R10488,D285,U548,Chennai,2025-09-19,19.67,123.44,Completed,3.2,UPI,6.275546517539399
R10489,D029,U525,Chennai,2025-10-05,5.67,680.0,Completed,3.7,UPI,119.9294532627866
R10490,D043,U386,Hyderabad,2025-08-12,1.41,323.86,Completed,4.7,UPI,229.68794326241138
R10491,D148,U586,Chennai,2025-09-03,9.15,670.36,Completed,3.7,UPI,73.26338797814208
R10492,D249,U249,Bengaluru,2025-07-18,19.43,707.53,Completed,5.0,UPI,36.41430777148739
R10493,D026,U262,Kochi,2025-09-25,2.74,351.71,Completed,4.3,UPI,128.3613138686131
R10494,D230,U399,Pune,2025-08-10,16.31,370.03,Completed,4.3,UPI,22.68730839975475
R10495,D176,U015,Pune,2025-08-03,5.41,129.58,Completed,4.4,UPI,23.951940850277268
R10496,D284,U158,Pune,2025-10-09,8.2,419.61,Completed,4.3,Cash,51.1719512195122
R10497,D173,U585,Hyderabad,2025-10-08,10.32,521.31,Completed,3.3,UPI,50.51453488372093
R10498,D137,U123,Bengaluru,2025-07-31,14.87,677.4,Completed,3.1,UPI,45.554808338937455
R10499,D243,U135,Chennai,2025-09-23,5.28,794.99,Completed,4.3,Cash,150.56628787878788
R10500,D160,U441,Hyderabad,2025-07-12,11.47,614.56,Completed,4.9,UPI,53.5797733217088
R10501,D027,U238,Bengaluru,2025-09-07,3.48,248.3,Completed,3.3,UPI,71.35057471264368
R10502,D013,U603,Bengaluru,2025-08-08,3.13,74.92,Completed,3.4,Cash,23.936102236421725
R10503,D033,U717,Kochi,2025-07-08,1.47,441.71,Completed,3.4,UPI,300.4829931972789
R10504,D029,U789,Bengaluru,2025-07-12,17.88,589.34,Completed,3.9,UPI,32.96085011185683
R10505,D069,U209,Hyderabad,2025-09-23,7.38,221.89,Completed,3.1,UPI,30.066395663956637
R10506,D160,U045,Hyderabad,2025-08-31,17.82,354.56,Completed,3.9,UPI,19.89674523007856
R10507,D282,U011,Hyderabad,2025-07-27,8.47,592.2,Completed,4.7,Cash,69.91735537190083
R10508,D164,U606,Hyderabad,2025-09-29,1.6,513.75,Cancelled,4.3,UPI,321.09375
R10509,D230,U124,Hyderabad,2025-09-05,14.91,321.54,Completed,3.8,UPI,21.56539235412475
R10510,D032,U492,Pune,2025-08-01,9.08,58.61,Completed,4.3,Cash,6.454845814977974
R10511,D142,U447,Chennai,2025-08-23,16.97,166.06,Completed,3.3,Card,9.785503830288746
R10512,D137,U092,Kochi,2025-07-22,3.14,744.41,Completed,3.1,UPI,237.0732484076433
R10513,D061,U391,Hyderabad,2025-07-06,18.76,478.15,Completed,4.3,UPI,25.48773987206823
R10514,D035,U260,Chennai,2025-07-02,17.75,618.01,Completed,4.6,UPI,34.817464788732394
R10515,D251,U345,Bengaluru,2025-07-10,4.11,373.44,Completed,3.5,Cash,90.86131386861314
R10516,D013,U487,Chennai,2025-09-16,17.15,381.7,Completed,3.9,UPI,22.25655976676385
R10517,D247,U353,Bengaluru,2025-09-25,2.29,194.96,Completed,3.9,UPI,85.1353711790393
R10518,D299,U023,Chennai,2025-09-22,3.07,783.4,Completed,4.7,UPI,255.17915309446255
R10519,D064,U748,Hyderabad,2025-09-27,4.75,276.25,Completed,4.4,UPI,58.1578947368421
R10520,D134,U716,Chennai,2025-10-04,3.55,794.75,Completed,3.1,UPI,223.87323943661974
R10521,D059,U079,Kochi,2025-08-09,19.44,385.67,Completed,3.9,UPI,19.838991769547324
R10522,D292,U538,Pune,2025-07-10,2.78,157.21,Cancelled,4.4,Cash,56.550359712230225
R10523,D292,U121,Chennai,2025-07-10,14.75,129.14,Completed,4.0,UPI,8.755254237288135
R10524,D096,U198,Pune,2025-07-31,5.08,191.45,Completed,4.4,UPI,37.68700787401575
R10525,D067,U635,Bengaluru,2025-08-09,11.45,543.67,Completed,4.0,Cash,47.482096069868994
R10526,D012,U599,Bengaluru,2025-10-03,10.35,590.78,Completed,3.7,Cash,57.080193236714976
R10527,D120,U633,Hyderabad,2025-09-15,12.98,129.97,Completed,4.4,UPI,10.013097072419106
R10528,D248,U707,Kochi,2025-09-23,2.71,590.8,Cancelled,3.7,UPI,218.00738007380073
R10529,D055,U628,Chennai,2025-07-02,13.84,721.95,Completed,5.0,Cash,52.16401734104046
R10530,D246,U438,Kochi,2025-09-27,1.95,83.91,Completed,4.5,UPI,43.03076923076923
R10531,D295,U373,Pune,2025-08-23,7.88,344.72,Completed,3.5,UPI,43.746192893401016
R10532,D023,U093,Kochi,2025-07-16,18.56,605.93,Completed,4.2,UPI,32.64709051724138
R10533,D033,U032,Hyderabad,2025-08-08,9.62,93.6,Completed,4.5,Cash,9.72972972972973
R10534,D216,U031,Pune,2025-07-09,17.86,602.79,Completed,4.1,Cash,33.7508398656215
R10535,D142,U095,Pune,2025-07-19,15.59,384.61,Completed,3.2,Cash,24.670301475304683
R10536,D260,U772,Kochi,2025-07-15,16.98,343.85,Completed,4.8,UPI,20.250294464075385
R10537,D225,U282,Kochi,2025-08-07,3.59,344.24,Completed,3.0,Cash,95.88857938718664
R10538,D132,U627,Kochi,2025-07-27,16.28,606.48,Completed,4.8,Card,37.253071253071255
R10539,D171,U153,Pune,2025-07-20,6.84,261.89,Completed,4.5,UPI,38.288011695906434
R10540,D271,U080,Kochi,2025-08-12,6.17,586.95,Completed,3.3,UPI,95.12965964343599
R10541,D021,U097,Pune,2025-08-14,13.25,62.09,Completed,4.3,UPI,4.686037735849057
R10542,D076,U529,Pune,2025-09-06,19.58,403.96,Completed,4.7,UPI,20.631256384065374
R10543,D254,U616,Bengaluru,2025-09-09,5.51,122.1,Completed,4.2,UPI,22.15970961887477
R10544,D183,U198,Hyderabad,2025-09-28,19.16,274.34,Completed,3.2,Card,14.318371607515656
R10545,D255,U201,Bengaluru,2025-07-24,4.72,103.87,Completed,4.1,Cash,22.00635593220339
R10546,D160,U625,Kochi,2025-07-03,16.05,293.96,Completed,4.8,UPI,18.315264797507787
R10547,D144,U489,Kochi,2025-08-24,19.27,474.04,Completed,4.2,UPI,24.599896211728076
R10548,D287,U591,Chennai,2025-08-20,17.72,172.57,Completed,4.2,UPI,9.738713318284425
R10549,D265,U697,Kochi,2025-09-27,13.53,435.42,Completed,4.4,Card,32.18181818181819
R10550,D207,U415,Hyderabad,2025-07-11,12.44,633.54,Completed,4.6,UPI,50.92765273311897
R10551,D027,U700,Hyderabad,2025-09-05,8.26,572.16,Completed,4.3,Card,69.26876513317191
R10552,D268,U118,Chennai,2025-08-07,19.61,274.95,Completed,4.2,Card,14.020907700152984
R10553,D271,U036,Hyderabad,2025-08-10,2.69,570.65,Cancelled,4.1,UPI,212.1375464684015
R10554,D118,U474,Kochi,2025-09-05,17.45,591.0,Completed,4.1,Cash,33.86819484240688
R10555,D138,U015,Kochi,2025-07-22,5.14,741.14,Completed,3.4,UPI,144.19066147859922
R10556,D222,U128,Hyderabad,2025-09-11,8.46,631.55,Completed,4.8,UPI,74.65130023640661
R10557,D211,U211,Chennai,2025-07-11,10.01,435.25,Completed,3.0,Cash,43.481518481518485
R10558,D059,U743,Hyderabad,2025-10-09,9.59,460.95,Completed,3.1,Cash,48.065693430656935
R10559,D242,U574,Bengaluru,2025-08-10,4.59,354.02,Completed,4.0,Cash,77.12854030501089
R10560,D027,U308,Chennai,2025-08-28,10.66,133.45,Cancelled,4.7,UPI,12.518761726078798
R10561,D154,U659,Pune,2025-09-28,9.87,292.67,Completed,4.0,UPI,29.65248226950355
R10562,D058,U304,Bengaluru,2025-07-01,10.34,472.83,Completed,4.3,UPI,45.72823984526112
R10563,D237,U330,Kochi,2025-10-07,7.02,250.49,Cancelled,4.9,UPI,35.682336182336186
R10564,D030,U525,Pune,2025-09-01,15.32,249.67,Completed,3.3,UPI,16.29699738903394
R10565,D020,U116,Chennai,2025-08-11,4.11,388.3,Completed,4.0,Cash,94.47688564476886
R10566,D191,U669,Chennai,2025-07-27,19.12,773.71,Completed,4.0,UPI,40.46600418410042
R10567,D026,U433,Chennai,2025-07-12,6.11,128.39,Completed,4.0,UPI,21.01309328968903
R10568,D250,U639,Bengaluru,2025-09-09,2.16,228.99,Completed,4.3,Cash,106.01388888888889
R10569,D229,U651,Bengaluru,2025-08-07,13.08,439.36,Completed,4.1,UPI,33.59021406727829
R10570,D061,U076,Pune,2025-07-11,3.2,391.62,Completed,4.9,Cash,122.38125
R10571,D050,U699,Chennai,2025-09-17,5.68,78.78,Cancelled,4.7,UPI,13.869718309859156
R10572,D039,U118,Pune,2025-09-06,13.09,600.46,Completed,3.7,Cash,45.8716577540107
R10573,D166,U189,Kochi,2025-10-04,10.97,481.49,Completed,4.8,Cash,43.89152233363719
R10574,D200,U530,Bengaluru,2025-07-07,15.98,604.41,Completed,4.4,UPI,37.82290362953692
R10575,D290,U613,Pune,2025-09-05,10.91,82.44,Completed,3.1,UPI,7.556370302474793
R10576,D076,U186,Chennai,2025-08-01,19.78,697.27,Completed,3.6,UPI,35.25126390293225
R10577,D199,U631,Pune,2025-08-08,1.18,424.19,Completed,4.9,UPI,359.48305084745766
R10578,D179,U654,Pune,2025-10-08,2.99,567.31,Completed,3.3,Cash,189.7357859531772
R10579,D067,U623,Hyderabad,2025-09-04,6.7,340.5,Completed,4.0,UPI,50.82089552238806
R10580,D111,U271,Hyderabad,2025-07-24,16.7,399.45,Completed,3.4,UPI,23.919161676646706
R10581,D126,U546,Hyderabad,2025-10-08,7.44,465.45,Completed,4.6,Card,62.56048387096774
R10582,D140,U113,Hyderabad,2025-09-19,16.67,669.64,Completed,3.3,UPI,40.17036592681463
R10583,D293,U308,Kochi,2025-07-02,1.5,788.6,Cancelled,4.9,Cash,525.7333333333333
R10584,D025,U678,Kochi,2025-09-12,7.68,595.48,Completed,5.0,UPI,77.53645833333334
R10585,D144,U378,Pune,2025-10-03,12.91,291.63,Completed,3.2,Cash,22.589465530596435
R10586,D149,U464,Kochi,2025-09-09,2.25,719.59,Completed,4.9,UPI,319.8177777777778
R10587,D124,U466,Hyderabad,2025-09-27,15.89,655.42,Cancelled,3.7,UPI,41.2473253618628
R10588,D248,U523,Chennai,2025-07-16,15.77,740.0,Completed,3.5,UPI,46.92454026632847
R10589,D274,U340,Kochi,2025-09-11,8.26,527.85,Cancelled,4.0,UPI,63.9043583535109
R10590,D121,U219,Hyderabad,2025-07-15,6.94,429.84,Completed,3.8,UPI,61.936599423631115
R10591,D293,U772,Chennai,2025-08-28,13.34,495.13,Completed,3.4,UPI,37.11619190404797
R10592,D258,U486,Bengaluru,2025-09-28,12.45,103.2,Cancelled,4.2,Cash,8.289156626506024
R10593,D219,U750,Kochi,2025-08-26,15.75,476.81,Cancelled,3.2,Card,30.273650793650795
R10594,D086,U661,Chennai,2025-08-12,15.31,694.77,Completed,4.6,UPI,45.380143696930105
R10595,D134,U094,Hyderabad,2025-09-27,16.59,310.59,Completed,3.5,UPI,18.72151898734177
R10596,D129,U099,Hyderabad,2025-09-27,19.83,747.84,Completed,4.0,UPI,37.71255673222391
R10597,D134,U789,Pune,2025-07-06,7.26,653.48,Cancelled,4.7,Cash,90.01101928374656
R10598,D190,U474,Kochi,2025-07-18,14.54,474.04,Completed,4.5,UPI,32.60247592847318
R10599,D119,U466,Kochi,2025-08-05,5.03,444.4,Completed,4.7,UPI,88.34990059642146
R10600,D059,U619,Kochi,2025-07-14,16.29,598.81,Completed,4.9,Cash,36.759361571516266
R10601,D248,U662,Pune,2025-08-23,8.21,265.29,Completed,3.1,Cash,32.313032886723505
R10602,D009,U262,Pune,2025-09-12,2.2,437.25,Completed,4.3,UPI,198.74999999999997
R10603,D271,U453,Kochi,2025-08-05,17.23,601.3,Completed,4.7,Cash,34.898432965757394
R10604,D062,U531,Hyderabad,2025-08-22,14.92,244.69,Completed,3.4,UPI,16.40013404825737
R10605,D107,U633,Kochi,2025-07-23,13.11,328.82,Cancelled,4.5,Card,25.081617086193745
R10606,D006,U537,Kochi,2025-08-07,12.2,223.28,Completed,4.5,UPI,18.301639344262295
R10607,D061,U440,Bengaluru,2025-09-15,13.19,493.59,Cancelled,4.9,UPI,37.42153146322972
R10608,D146,U057,Hyderabad,2025-09-27,18.52,382.19,Completed,3.7,UPI,20.636609071274297
R10609,D036,U386,Bengaluru,2025-07-27,19.43,283.04,Completed,4.7,Card,14.567164179104479
R10610,D122,U076,Hyderabad,2025-07-29,5.64,661.18,Cancelled,4.9,Cash,117.23049645390071
R10611,D186,U640,Kochi,2025-10-08,18.34,262.88,Completed,3.5,UPI,14.333696837513632
R10612,D059,U441,Kochi,2025-07-21,4.34,343.22,Completed,3.9,UPI,79.08294930875577
R10613,D160,U722,Hyderabad,2025-07-28,11.71,459.29,Completed,4.2,Card,39.22203245089667
R10614,D035,U250,Kochi,2025-08-05,19.27,511.68,Completed,4.4,Card,26.5531914893617
R10615,D202,U312,Bengaluru,2025-08-29,9.63,727.52,Cancelled,3.5,UPI,75.54724818276219
R10616,D266,U017,Bengaluru,2025-08-21,17.35,122.33,Completed,4.3,Cash,7.0507204610951
R10617,D087,U052,Kochi,2025-07-01,15.12,677.12,Completed,3.1,UPI,44.783068783068785
R10618,D137,U251,Bengaluru,2025-08-16,6.2,242.01,Completed,4.3,Cash,39.03387096774193
R10619,D244,U662,Pune,2025-09-03,3.83,259.28,Completed,3.6,UPI,67.6971279373368
R10620,D226,U059,Bengaluru,2025-07-28,18.78,549.84,Completed,3.1,UPI,29.277955271565496
R10621,D268,U480,Chennai,2025-10-08,1.93,235.88,Cancelled,3.5,Cash,122.21761658031089
R10622,D267,U467,Kochi,2025-08-02,14.57,447.95,Completed,3.7,UPI,30.74468085106383
R10623,D010,U394,Bengaluru,2025-09-04,10.41,310.52,Cancelled,4.6,UPI,29.829010566762726
R10624,D210,U425,Pune,2025-09-26,14.46,678.1,Completed,5.0,Cash,46.89488243430152
R10625,D084,U595,Chennai,2025-08-27,12.77,100.28,Completed,4.4,Cash,7.852779953014879
R10626,D225,U800,Kochi,2025-09-14,14.9,484.4,Completed,3.1,UPI,32.51006711409396
R10627,D071,U178,Chennai,2025-09-09,17.74,135.58,Completed,3.6,UPI,7.64261555806088
R10628,D037,U085,Chennai,2025-10-02,13.31,93.01,Completed,3.6,Cash,6.987978963185575
R10629,D231,U716,Chennai,2025-08-11,1.58,199.79,Completed,4.8,UPI,126.44936708860759
R10630,D221,U269,Chennai,2025-07-12,12.71,735.58,Completed,4.1,UPI,57.87411487018096
R10631,D212,U408,Kochi,2025-09-16,11.26,100.0,Completed,3.5,UPI,8.880994671403197
R10632,D113,U372,Kochi,2025-07-15,3.28,500.91,Cancelled,3.1,Cash,152.71646341463418
R10633,D053,U479,Chennai,2025-09-25,7.66,502.43,Completed,3.8,Cash,65.59138381201045
R10634,D216,U690,Kochi,2025-09-28,8.04,713.67,Completed,4.5,UPI,88.76492537313433
R10635,D024,U667,Kochi,2025-08-04,19.99,125.47,Completed,4.3,Card,6.27663831915958
R10636,D264,U353,Pune,2025-09-30,8.97,529.54,Completed,4.3,Card,59.034559643255285
R10637,D031,U564,Hyderabad,2025-07-23,15.87,77.82,Completed,3.1,UPI,4.90359168241966
R10638,D286,U761,Chennai,2025-09-18,11.8,451.7,Completed,3.6,UPI,38.27966101694915
R10639,D029,U384,Pune,2025-08-27,8.16,696.69,Completed,4.5,UPI,85.37867647058825
R10640,D070,U181,Hyderabad,2025-09-09,5.62,433.81,Cancelled,3.8,UPI,77.19039145907473
R10641,D025,U019,Bengaluru,2025-09-18,1.25,449.67,Completed,3.6,UPI,359.736
R10642,D128,U640,Hyderabad,2025-08-10,12.08,420.27,Completed,3.2,Cash,34.79056291390728
R10643,D211,U237,Pune,2025-08-23,12.15,694.96,Completed,4.1,UPI,57.19835390946502
R10644,D102,U619,Chennai,2025-10-02,9.72,329.14,Completed,4.5,UPI,33.86213991769547
R10645,D233,U587,Pune,2025-09-16,7.14,631.59,Completed,4.9,Cash,88.45798319327731
R10646,D042,U444,Pune,2025-10-02,16.82,234.71,Completed,4.1,Cash,13.95422116527943
R10647,D140,U654,Pune,2025-07-06,10.22,72.89,Completed,4.8,UPI,7.132093933463796
R10648,D020,U707,Pune,2025-10-01,14.27,748.18,Completed,3.4,Card,52.430273300630695
R10649,D052,U467,Bengaluru,2025-08-19,11.08,338.06,Completed,4.5,Cash,30.510830324909747
R10650,D278,U010,Chennai,2025-09-30,4.28,406.81,Completed,3.4,UPI,95.04906542056074
R10651,D224,U612,Chennai,2025-07-20,2.28,474.57,Completed,3.5,UPI,208.1447368421053
R10652,D062,U039,Chennai,2025-09-18,16.7,698.1,Completed,4.0,UPI,41.802395209580844
R10653,D191,U160,Chennai,2025-07-31,4.71,203.82,Completed,4.6,Cash,43.27388535031847
R10654,D282,U043,Hyderabad,2025-08-19,1.89,581.71,Completed,4.5,Cash,307.7830687830688
R10655,D079,U730,Kochi,2025-09-05,7.36,112.75,Completed,3.4,Card,15.31929347826087
R10656,D277,U211,Kochi,2025-10-06,19.64,527.73,Cancelled,3.2,Card,26.870162932790222
R10657,D278,U552,Chennai,2025-08-19,6.61,729.81,Completed,4.5,Cash,110.40998487140695
R10658,D152,U233,Pune,2025-08-03,8.93,336.02,Completed,4.0,UPI,37.628219484882415
R10659,D114,U429,Hyderabad,2025-09-09,5.58,210.2,Completed,3.5,UPI,37.67025089605735
R10660,D247,U025,Hyderabad,2025-09-14,5.55,471.19,Cancelled,4.6,UPI,84.8990990990991
R10661,D005,U450,Bengaluru,2025-10-01,1.53,458.31,Completed,4.7,Card,299.54901960784315
R10662,D135,U220,Hyderabad,2025-08-04,16.89,510.01,Cancelled,3.3,Cash,30.195973949082294
R10663,D185,U341,Bengaluru,2025-09-12,3.2,249.27,Completed,4.4,UPI,77.896875
R10664,D076,U115,Pune,2025-08-07,5.34,742.47,Completed,3.3,Cash,139.03932584269663
R10665,D157,U335,Chennai,2025-09-05,3.04,575.08,Completed,4.3,UPI,189.17105263157896
R10666,D270,U261,Pune,2025-07-07,6.31,63.16,Completed,3.7,UPI,10.009508716323296
R10667,D225,U730,Bengaluru,2025-07-02,8.56,125.18,Cancelled,3.6,Cash,14.623831775700934
R10668,D173,U250,Kochi,2025-08-06,1.63,763.45,Cancelled,4.7,UPI,468.3742331288344
R10669,D249,U586,Kochi,2025-09-16,11.16,183.8,Completed,4.2,UPI,16.469534050179213
R10670,D080,U289,Pune,2025-09-26,7.82,545.01,Cancelled,4.9,Cash,69.69437340153452
R10671,D188,U360,Hyderabad,2025-07-21,3.97,256.65,Completed,3.1,UPI,64.64735516372795
R10672,D116,U274,Bengaluru,2025-07-04,11.54,316.05,Cancelled,3.4,Card,27.387348353552863
R10673,D216,U227,Chennai,2025-10-02,8.13,499.9,Completed,3.4,UPI,61.488314883148824
R10674,D145,U475,Chennai,2025-10-07,14.69,108.0,Completed,4.9,UPI,7.351940095302927
R10675,D009,U549,Pune,2025-09-21,14.58,264.71,Completed,4.7,UPI,18.155692729766802
R10676,D036,U697,Kochi,2025-07-08,6.97,587.37,Completed,4.8,Cash,84.27116212338595
R10677,D101,U753,Pune,2025-09-12,11.76,287.06,Completed,4.1,Card,24.40986394557823
R10678,D299,U258,Kochi,2025-08-02,15.71,665.11,Completed,5.0,UPI,42.336728198599616
R10679,D252,U716,Pune,2025-07-18,3.34,379.72,Completed,4.9,Card,113.68862275449104
R10680,D099,U065,Chennai,2025-07-25,5.84,661.29,Completed,4.9,UPI,113.23458904109589
R10681,D054,U085,Pune,2025-07-25,8.92,349.6,Completed,3.4,UPI,39.19282511210763
R10682,D232,U715,Pune,2025-07-23,1.09,613.04,Completed,3.8,Cash,562.4220183486237
R10683,D056,U599,Pune,2025-07-12,15.52,106.48,Cancelled,3.4,UPI,6.860824742268042
R10684,D027,U600,Chennai,2025-08-20,13.98,658.1,Completed,4.8,Cash,47.07439198855508
R10685,D204,U296,Hyderabad,2025-09-18,11.94,333.72,Completed,3.4,Cash,27.949748743718597
R10686,D229,U745,Pune,2025-10-08,18.27,329.48,Completed,3.8,UPI,18.03393541324576
R10687,D246,U171,Bengaluru,2025-09-25,5.26,571.85,Completed,4.4,UPI,108.71673003802282
R10688,D221,U226,Pune,2025-08-19,3.38,778.72,Completed,4.1,UPI,230.39053254437871
R10689,D093,U428,Pune,2025-10-06,9.71,402.92,Completed,4.5,Cash,41.49536560247168
R10690,D032,U415,Bengaluru,2025-07-16,14.85,506.06,Completed,4.7,Card,34.07811447811448
R10691,D178,U625,Hyderabad,2025-07-02,15.81,395.65,Completed,4.9,UPI,25.025300442757747
R10692,D114,U172,Hyderabad,2025-07-11,13.85,263.09,Completed,4.8,UPI,18.9956678700361
R10693,D082,U269,Bengaluru,2025-08-16,17.44,660.54,Completed,3.6,UPI,37.87499999999999
R10694,D220,U768,Chennai,2025-09-06,17.42,633.77,Cancelled,5.0,Cash,36.38174512055109
R10695,D110,U155,Chennai,2025-07-07,7.39,93.0,Completed,5.0,UPI,12.584573748308525
R10696,D245,U331,Pune,2025-08-11,9.44,751.91,Completed,3.7,UPI,79.65148305084746
R10697,D225,U300,Pune,2025-07-04,12.03,442.42,Completed,4.3,UPI,36.776392352452206
R10698,D123,U134,Kochi,2025-08-29,17.37,584.52,Completed,4.8,Cash,33.65112262521588
R10699,D075,U609,Chennai,2025-10-06,7.24,555.46,Completed,5.0,UPI,76.72099447513813
R10700,D025,U128,Kochi,2025-07-16,18.63,778.47,Completed,3.5,UPI,41.78582930756844
R10701,D260,U792,Chennai,2025-07-15,16.23,696.67,Completed,4.3,UPI,42.924830560690076
R10702,D112,U411,Bengaluru,2025-09-01,16.93,86.84,Completed,4.9,UPI,5.129356172474897
R10703,D276,U342,Pune,2025-08-16,13.24,215.8,Completed,4.7,UPI,16.299093655589125
R10704,D254,U514,Hyderabad,2025-08-09,8.31,650.43,Completed,4.3,Cash,78.27075812274367
R10705,D212,U026,Pune,2025-07-23,10.64,739.83,Completed,4.7,UPI,69.53289473684211
R10706,D223,U598,Chennai,2025-07-02,19.6,514.48,Completed,4.1,UPI,26.248979591836733
R10707,D057,U659,Hyderabad,2025-08-09,1.58,237.11,Completed,3.7,UPI,150.06962025316457
R10708,D142,U348,Pune,2025-08-24,6.94,689.58,Completed,4.6,UPI,99.36311239193084
R10709,D054,U743,Pune,2025-09-03,18.04,338.08,Completed,3.8,UPI,18.74057649667406
R10710,D268,U316,Hyderabad,2025-07-07,12.97,572.76,Completed,3.3,UPI,44.1603700848111
R10711,D226,U657,Chennai,2025-07-21,16.15,770.78,Completed,4.3,UPI,47.72631578947369
R10712,D077,U015,Hyderabad,2025-08-22,6.95,555.44,Completed,4.1,UPI,79.91942446043166
R10713,D108,U157,Bengaluru,2025-07-16,10.25,358.85,Completed,3.5,Card,35.00975609756098
R10714,D166,U434,Pune,2025-09-30,19.53,179.8,Completed,3.3,UPI,9.206349206349206
R10715,D068,U147,Pune,2025-08-27,18.08,294.38,Cancelled,3.4,UPI,16.2820796460177
R10716,D280,U681,Hyderabad,2025-07-24,7.2,84.87,Completed,4.1,UPI,11.7875
R10717,D277,U543,Kochi,2025-07-06,1.41,162.05,Cancelled,3.1,UPI,114.92907801418441
R10718,D016,U399,Pune,2025-07-15,13.01,772.44,Completed,4.0,UPI,59.3727901614143
R10719,D051,U525,Hyderabad,2025-08-07,17.73,449.45,Completed,4.5,Cash,25.349689791314155
R10720,D296,U485,Hyderabad,2025-08-04,14.34,248.59,Completed,3.7,UPI,17.33542538354254
R10721,D229,U153,Pune,2025-08-28,19.08,366.35,Completed,3.5,Cash,19.200733752620547
R10722,D270,U026,Kochi,2025-08-07,17.53,683.49,Completed,4.9,UPI,38.98973188819167
R10723,D167,U800,Bengaluru,2025-07-25,7.55,57.22,Completed,4.7,UPI,7.578807947019867
R10724,D278,U729,Pune,2025-08-29,2.62,743.83,Completed,4.3,Cash,283.90458015267177
R10725,D092,U616,Bengaluru,2025-08-25,1.37,269.43,Completed,3.2,Cash,196.66423357664232
R10726,D156,U243,Bengaluru,2025-07-21,12.26,624.22,Completed,3.8,UPI,50.915171288743885
R10727,D236,U320,Pune,2025-07-05,19.21,149.16,Completed,4.3,UPI,7.76470588235294
R10728,D243,U180,Kochi,2025-10-06,14.24,723.48,Completed,3.5,UPI,50.8061797752809
R10729,D017,U451,Pune,2025-09-11,6.04,713.1,Completed,3.4,UPI,118.06291390728477
R10730,D194,U586,Hyderabad,2025-09-30,2.64,197.41,Completed,4.7,UPI,74.77651515151514
R10731,D184,U671,Kochi,2025-08-29,19.16,719.15,Completed,4.4,Cash,37.5339248434238
R10732,D017,U231,Chennai,2025-07-05,4.59,68.82,Completed,4.8,UPI,14.99346405228758
R10733,D169,U348,Pune,2025-07-01,1.73,336.11,Completed,3.4,UPI,194.28323699421966
R10734,D141,U170,Bengaluru,2025-09-26,4.47,451.94,Completed,4.9,Cash,101.10514541387025
R10735,D288,U681,Kochi,2025-08-07,2.95,375.78,Completed,4.8,UPI,127.38305084745761
R10736,D108,U645,Chennai,2025-09-17,4.79,613.45,Completed,3.5,UPI,128.06889352818374
R10737,D093,U628,Chennai,2025-07-18,7.15,518.23,Completed,3.2,Cash,72.47972027972028
R10738,D274,U651,Kochi,2025-09-17,14.29,628.07,Completed,4.6,Cash,43.95171448565431
R10739,D250,U043,Pune,2025-07-05,16.2,542.7,Cancelled,3.2,UPI,33.50000000000001
R10740,D299,U202,Hyderabad,2025-07-15,4.7,720.31,Completed,3.3,UPI,153.25744680851062
R10741,D027,U624,Chennai,2025-08-15,8.35,462.0,Completed,3.6,UPI,55.32934131736527
R10742,D287,U479,Bengaluru,2025-09-06,10.9,86.86,Completed,3.2,UPI,7.968807339449541
R10743,D087,U661,Bengaluru,2025-08-31,1.26,779.69,Completed,3.8,UPI,618.8015873015873
R10744,D114,U797,Bengaluru,2025-09-25,8.73,118.42,Completed,4.5,UPI,13.564719358533791
R10745,D084,U800,Chennai,2025-09-05,14.38,628.67,Cancelled,3.1,UPI,43.7183588317107
R10746,D003,U413,Chennai,2025-07-15,15.64,169.57,Completed,3.9,UPI,10.842071611253196
R10747,D211,U268,Pune,2025-08-15,14.11,489.05,Completed,4.4,Cash,34.65981573352233
R10748,D198,U108,Kochi,2025-10-08,13.8,84.88,Completed,4.8,Card,6.150724637681159
R10749,D095,U004,Bengaluru,2025-08-06,12.19,146.34,Completed,3.1,UPI,12.004922067268254
R10750,D023,U423,Bengaluru,2025-08-30,12.44,256.21,Completed,3.3,UPI,20.595659163987136
R10751,D278,U098,Hyderabad,2025-10-05,5.84,310.37,Completed,3.4,Cash,53.14554794520548
R10752,D265,U783,Pune,2025-09-17,7.63,248.3,Completed,3.5,UPI,32.542595019659245
R10753,D127,U330,Bengaluru,2025-07-28,7.29,701.83,Completed,3.1,UPI,96.27297668038409
R10754,D232,U328,Pune,2025-07-18,9.87,446.6,Completed,4.3,Cash,45.24822695035461
R10755,D109,U641,Kochi,2025-08-11,12.01,764.67,Completed,3.6,Cash,63.669442131557034
R10756,D172,U300,Hyderabad,2025-10-09,6.42,258.73,Completed,4.8,UPI,40.3006230529595
R10757,D081,U463,Hyderabad,2025-07-21,9.8,136.21,Completed,3.4,UPI,13.898979591836735
R10758,D149,U117,Kochi,2025-09-13,16.69,764.29,Completed,4.1,Cash,45.79328939484721
R10759,D006,U778,Chennai,2025-09-16,8.45,91.77,Completed,4.7,UPI,10.860355029585799
R10760,D097,U386,Bengaluru,2025-09-01,12.91,284.34,Completed,3.6,Cash,22.024786986831913
R10761,D294,U652,Bengaluru,2025-07-22,8.27,622.46,Cancelled,4.1,UPI,75.26723095525999
R10762,D136,U657,Kochi,2025-10-02,13.17,578.95,Completed,4.3,UPI,43.95975702353835
R10763,D287,U628,Pune,2025-07-16,18.89,73.62,Completed,4.2,UPI,3.8973001588141876
R10764,D126,U706,Bengaluru,2025-09-29,1.88,761.28,Completed,4.8,Cash,404.93617021276594
R10765,D298,U760,Bengaluru,2025-07-22,11.73,63.68,Completed,4.5,UPI,5.4288150042625745
R10766,D295,U229,Bengaluru,2025-07-24,10.13,350.3,Cancelled,3.4,UPI,34.58045409674235
R10767,D008,U355,Kochi,2025-09-18,3.65,675.61,Completed,4.3,Cash,185.09863013698632
R10768,D003,U326,Chennai,2025-09-05,5.21,727.59,Cancelled,4.5,UPI,139.65259117082533
R10769,D203,U344,Kochi,2025-09-17,9.4,732.93,Completed,4.6,Cash,77.97127659574467
R10770,D178,U269,Bengaluru,2025-09-10,17.35,527.7,Cancelled,3.5,UPI,30.414985590778098
R10771,D184,U116,Hyderabad,2025-09-13,8.91,504.63,Completed,3.4,UPI,56.63636363636363
R10772,D045,U434,Bengaluru,2025-08-25,9.3,52.46,Completed,4.6,Card,5.640860215053763
R10773,D152,U514,Bengaluru,2025-08-06,16.98,277.32,Completed,3.4,Cash,16.3321554770318
R10774,D167,U239,Kochi,2025-10-06,7.11,635.86,Completed,3.5,UPI,89.43178621659634
R10775,D280,U160,Hyderabad,2025-07-23,16.93,312.88,Cancelled,3.0,UPI,18.480803307737744
R10776,D252,U702,Bengaluru,2025-08-04,12.63,120.66,Completed,4.4,UPI,9.553444180522565
R10777,D239,U130,Chennai,2025-09-05,12.19,243.57,Completed,3.1,UPI,19.9811320754717
R10778,D149,U258,Chennai,2025-07-28,8.19,327.46,Cancelled,4.8,UPI,39.98290598290598
R10779,D117,U020,Chennai,2025-08-07,4.49,85.95,Completed,4.7,UPI,19.142538975501115
R10780,D298,U621,Hyderabad,2025-09-19,9.8,542.76,Completed,4.1,Card,55.38367346938775
R10781,D189,U640,Bengaluru,2025-07-30,9.49,201.16,Completed,3.3,UPI,21.19704952581665
R10782,D173,U499,Bengaluru,2025-07-04,14.43,228.28,Completed,4.5,UPI,15.81981981981982
R10783,D030,U720,Pune,2025-07-10,13.43,507.46,Completed,3.6,UPI,37.785554728220404
R10784,D184,U581,Hyderabad,2025-07-19,17.96,713.79,Completed,3.8,Cash,39.74331848552338
R10785,D170,U209,Hyderabad,2025-08-21,13.99,313.18,Completed,3.0,UPI,22.385989992852036
R10786,D161,U768,Pune,2025-08-20,3.44,135.47,Completed,5.0,Cash,39.38081395348837
R10787,D271,U194,Hyderabad,2025-07-13,17.8,447.56,Completed,4.2,Cash,25.1438202247191
R10788,D123,U420,Pune,2025-08-04,13.4,789.65,Completed,5.0,Cash,58.929104477611936
R10789,D107,U126,Kochi,2025-09-17,5.42,232.96,Completed,4.2,UPI,42.981549815498155
R10790,D183,U025,Kochi,2025-07-01,12.42,643.26,Cancelled,3.7,UPI,51.792270531400966
R10791,D037,U086,Bengaluru,2025-10-09,4.15,310.32,Completed,4.3,UPI,74.77590361445782
R10792,D216,U175,Pune,2025-09-19,3.44,733.93,Completed,5.0,UPI,213.3517441860465
R10793,D002,U392,Bengaluru,2025-09-04,9.17,786.19,Completed,3.4,UPI,85.73500545256272
R10794,D088,U658,Pune,2025-09-28,7.07,210.49,Completed,4.4,UPI,29.77227722772277
R10795,D232,U640,Chennai,2025-08-27,13.36,650.64,Completed,4.0,Card,48.70059880239521
R10796,D149,U485,Chennai,2025-09-21,16.37,103.23,Cancelled,3.4,UPI,6.306047648136835
R10797,D146,U611,Pune,2025-09-12,13.12,105.12,Completed,3.1,UPI,8.01219512195122
R10798,D289,U796,Pune,2025-07-28,19.78,371.29,Completed,4.3,UPI,18.77098078867543
R10799,D108,U714,Pune,2025-07-29,14.72,114.48,Completed,4.3,UPI,7.7771739130434785
R10800,D225,U324,Bengaluru,2025-10-07,6.82,328.14,Completed,3.6,UPI,48.11436950146627
R10801,D055,U281,Hyderabad,2025-07-31,17.31,725.11,Cancelled,4.9,Card,41.88965915655691
R10802,D089,U788,Bengaluru,2025-09-01,7.78,640.27,Completed,3.2,UPI,82.29691516709511
R10803,D139,U226,Kochi,2025-09-04,19.06,199.26,Completed,3.7,UPI,10.454354669464848
R10804,D022,U613,Kochi,2025-08-14,7.56,68.83,Completed,4.3,Cash,9.104497354497354
R10805,D242,U624,Bengaluru,2025-07-05,3.95,209.63,Completed,3.9,UPI,53.07088607594936
R10806,D207,U062,Kochi,2025-08-27,14.88,68.63,Cancelled,3.8,Card,4.612231182795698
R10807,D043,U174,Pune,2025-10-04,10.77,661.99,Completed,4.7,UPI,61.4661095636026
R10808,D102,U061,Pune,2025-09-24,10.93,681.93,Completed,3.7,Cash,62.39066788655077
R10809,D114,U572,Bengaluru,2025-07-11,14.48,716.78,Completed,3.5,UPI,49.50138121546961
R10810,D017,U165,Chennai,2025-08-11,17.05,384.76,Completed,4.3,Cash,22.56656891495601
R10811,D267,U176,Hyderabad,2025-10-03,3.86,524.56,Completed,4.4,UPI,135.8963730569948
R10812,D012,U459,Kochi,2025-10-07,1.76,197.51,Completed,3.4,UPI,112.2215909090909
R10813,D224,U162,Kochi,2025-10-06,18.88,268.04,Cancelled,3.0,UPI,14.197033898305087
R10814,D239,U508,Kochi,2025-09-13,11.86,284.76,Completed,3.1,UPI,24.01011804384486
R10815,D167,U225,Chennai,2025-08-03,9.39,514.71,Completed,4.6,Cash,54.814696485623
R10816,D214,U018,Kochi,2025-09-05,17.65,636.55,Completed,4.4,UPI,36.06515580736544
R10817,D215,U354,Hyderabad,2025-09-01,10.5,799.74,Completed,3.1,Card,76.16571428571429
R10818,D177,U590,Kochi,2025-08-18,19.28,236.69,Completed,3.2,UPI,12.276452282157676
R10819,D126,U230,Chennai,2025-10-07,14.92,320.0,Completed,3.3,UPI,21.447721179624665
R10820,D210,U750,Bengaluru,2025-09-12,16.87,371.37,Completed,4.3,Cash,22.01363366923533
R10821,D117,U406,Pune,2025-07-22,11.53,486.32,Completed,3.6,UPI,42.178664353859496
R10822,D242,U330,Chennai,2025-07-04,8.31,203.0,Cancelled,3.1,UPI,24.428399518652224
R10823,D117,U676,Hyderabad,2025-09-13,12.86,688.01,Completed,4.9,UPI,53.5
R10824,D240,U327,Bengaluru,2025-10-08,4.83,434.03,Completed,3.2,Card,89.86128364389234
R10825,D045,U193,Hyderabad,2025-07-23,11.54,789.18,Cancelled,4.6,UPI,68.38648180242635
R10826,D010,U060,Chennai,2025-10-08,16.55,406.25,Completed,4.9,Cash,24.54682779456193
R10827,D281,U369,Hyderabad,2025-08-10,16.19,353.77,Completed,3.7,Cash,21.851142680667074
R10828,D147,U248,Pune,2025-08-07,5.88,578.67,Completed,3.9,Cash,98.41326530612244
R10829,D103,U441,Pune,2025-10-09,8.02,133.31,Completed,3.3,UPI,16.622194513715712
R10830,D216,U649,Hyderabad,2025-08-15,8.86,487.91,Completed,3.5,Card,55.068848758465016
R10831,D273,U165,Chennai,2025-08-23,2.76,340.93,Completed,4.8,Card,123.52536231884059
R10832,D152,U746,Hyderabad,2025-07-29,5.53,405.8,Completed,3.9,Cash,73.38155515370705
R10833,D079,U077,Hyderabad,2025-07-05,18.48,59.44,Completed,3.4,Cash,3.2164502164502164
R10834,D097,U746,Hyderabad,2025-07-06,19.93,658.96,Completed,4.1,Cash,33.06372303060713
R10835,D279,U411,Bengaluru,2025-07-17,2.57,323.43,Completed,4.5,Cash,125.84824902723736
R10836,D205,U595,Hyderabad,2025-07-28,14.94,443.12,Completed,4.3,UPI,29.65997322623829
R10837,D214,U606,Hyderabad,2025-09-04,11.26,746.66,Completed,4.3,UPI,66.31083481349911
R10838,D010,U771,Kochi,2025-07-28,16.62,287.72,Completed,3.5,Cash,17.31167268351384
R10839,D265,U231,Kochi,2025-07-31,17.23,120.63,Cancelled,4.8,UPI,7.001160766105629
R10840,D079,U262,Chennai,2025-08-14,17.01,285.78,Completed,4.5,Cash,16.80070546737213
R10841,D258,U208,Pune,2025-08-08,13.07,497.54,Completed,4.9,Cash,38.06732976281561
R10842,D295,U423,Bengaluru,2025-09-15,12.6,317.05,Completed,4.9,UPI,25.162698412698415
R10843,D197,U149,Chennai,2025-09-01,5.81,696.54,Completed,4.7,Cash,119.88640275387263
R10844,D290,U122,Kochi,2025-08-18,2.37,551.48,Completed,4.8,UPI,232.69198312236287
R10845,D253,U101,Hyderabad,2025-09-30,7.25,162.79,Completed,4.7,UPI,22.453793103448273
R10846,D072,U324,Chennai,2025-07-12,15.46,782.8,Cancelled,3.6,Card,50.63389391979301
R10847,D057,U539,Bengaluru,2025-07-27,6.36,521.57,Completed,4.6,UPI,82.00786163522012
R10848,D037,U528,Kochi,2025-08-10,16.81,465.42,Completed,3.1,UPI,27.68709101725164
R10849,D016,U113,Chennai,2025-07-23,1.55,272.11,Cancelled,3.2,UPI,175.55483870967743
R10850,D198,U625,Chennai,2025-08-06,8.67,710.97,Completed,4.5,UPI,82.00346020761246
R10851,D110,U406,Kochi,2025-07-10,1.49,109.15,Completed,4.6,Cash,73.25503355704699
R10852,D164,U143,Kochi,2025-08-26,9.82,222.23,Completed,3.3,UPI,22.630346232179225
R10853,D122,U089,Bengaluru,2025-10-01,9.61,206.42,Completed,3.9,UPI,21.47970863683663
R10854,D254,U352,Kochi,2025-07-04,11.68,449.27,Completed,3.2,Cash,38.46489726027397
R10855,D038,U700,Kochi,2025-08-16,17.57,526.49,Completed,3.8,UPI,29.96528173022197
R10856,D161,U149,Kochi,2025-07-06,11.25,726.46,Completed,4.2,UPI,64.57422222222223
R10857,D259,U089,Chennai,2025-07-31,14.65,344.4,Cancelled,3.6,Cash,23.508532423208187
R10858,D052,U275,Kochi,2025-07-30,18.53,212.27,Completed,3.3,Cash,11.45547760388559
R10859,D075,U326,Bengaluru,2025-09-02,18.89,198.37,Completed,4.4,UPI,10.501323451561673
R10860,D251,U487,Bengaluru,2025-09-18,19.62,493.2,Completed,4.1,Card,25.13761467889908
R10861,D131,U087,Pune,2025-07-06,9.82,200.14,Completed,4.8,UPI,20.380855397148675
R10862,D026,U076,Chennai,2025-08-14,1.39,211.55,Completed,4.0,Cash,152.19424460431657
R10863,D189,U455,Pune,2025-07-06,4.74,453.11,Completed,4.2,UPI,95.5928270042194
R10864,D122,U366,Kochi,2025-09-28,7.47,613.17,Completed,3.2,Cash,82.08433734939759
R10865,D298,U765,Chennai,2025-07-31,4.19,68.59,Completed,3.8,UPI,16.369928400954652
R10866,D113,U290,Hyderabad,2025-09-21,7.66,57.54,Completed,3.1,Cash,7.511749347258485
R10867,D041,U249,Bengaluru,2025-08-21,9.14,396.26,Completed,4.5,UPI,43.35448577680525
R10868,D215,U125,Pune,2025-08-10,19.13,327.88,Completed,3.4,UPI,17.139571353894407
R10869,D242,U058,Hyderabad,2025-07-08,5.0,307.78,Completed,4.6,UPI,61.556
R10870,D029,U540,Hyderabad,2025-07-17,9.54,731.21,Completed,4.8,UPI,76.64675052410902
R10871,D100,U754,Hyderabad,2025-09-11,14.09,332.99,Completed,4.8,Cash,23.63307310149042
R10872,D116,U748,Kochi,2025-07-14,16.21,582.81,Completed,3.5,UPI,35.95373226403454
R10873,D026,U171,Pune,2025-08-07,9.3,456.0,Completed,3.9,UPI,49.03225806451613
R10874,D270,U732,Chennai,2025-07-15,15.04,551.68,Cancelled,3.9,UPI,36.680851063829785
R10875,D240,U264,Chennai,2025-09-03,16.64,333.89,Completed,3.7,UPI,20.065504807692307
R10876,D118,U183,Hyderabad,2025-08-18,12.0,197.7,Completed,3.4,UPI,16.474999999999998
R10877,D162,U071,Pune,2025-09-15,11.9,596.48,Completed,3.2,Cash,50.12436974789916
R10878,D258,U582,Pune,2025-07-22,15.4,321.38,Completed,4.2,Cash,20.868831168831168
R10879,D045,U784,Bengaluru,2025-08-02,15.69,687.9,Completed,4.8,Cash,43.84321223709369
R10880,D072,U269,Pune,2025-08-10,19.21,775.56,Completed,4.4,Cash,40.37272254034357
R10881,D266,U346,Pune,2025-08-05,11.24,102.86,Completed,4.0,UPI,9.151245551601424
R10882,D228,U358,Bengaluru,2025-09-13,13.18,482.94,Completed,3.4,UPI,36.64188163884674
R10883,D262,U337,Kochi,2025-09-11,14.4,797.3,Completed,3.8,UPI,55.36805555555555
R10884,D081,U669,Hyderabad,2025-07-04,4.28,290.74,Completed,3.5,Cash,67.92990654205607
R10885,D123,U380,Chennai,2025-10-07,14.65,544.23,Cancelled,3.3,UPI,37.14880546075085
R10886,D028,U480,Chennai,2025-09-16,4.98,177.48,Completed,4.6,UPI,35.63855421686746
R10887,D152,U036,Hyderabad,2025-09-29,15.58,524.55,Cancelled,4.1,Cash,33.66816431322208
R10888,D269,U028,Kochi,2025-07-30,7.55,427.28,Completed,3.9,UPI,56.5933774834437
R10889,D170,U434,Kochi,2025-09-03,14.06,635.98,Completed,3.6,UPI,45.233285917496445
R10890,D168,U588,Bengaluru,2025-08-29,1.59,739.9,Completed,4.3,UPI,465.3459119496855
R10891,D278,U183,Hyderabad,2025-07-18,7.47,446.67,Completed,4.2,Cash,59.79518072289157
R10892,D218,U171,Bengaluru,2025-07-27,17.52,206.07,Completed,4.3,UPI,11.761986301369863
R10893,D182,U290,Bengaluru,2025-09-19,7.74,253.14,Completed,3.8,UPI,32.70542635658914
R10894,D191,U305,Chennai,2025-08-09,5.79,772.97,Completed,3.7,UPI,133.50086355785837
R10895,D137,U652,Hyderabad,2025-08-16,11.1,432.87,Completed,3.5,Cash,38.9972972972973
R10896,D227,U576,Hyderabad,2025-09-14,5.04,537.87,Completed,4.3,Cash,106.7202380952381
R10897,D074,U023,Chennai,2025-08-25,17.45,549.01,Completed,4.0,Cash,31.461891117478512
R10898,D285,U111,Chennai,2025-07-06,5.75,436.88,Completed,4.2,Cash,75.9791304347826
R10899,D117,U459,Bengaluru,2025-10-07,12.52,61.22,Completed,3.7,UPI,4.889776357827476
R10900,D030,U692,Chennai,2025-07-15,5.85,86.3,Cancelled,3.9,UPI,14.752136752136753
R10901,D152,U735,Bengaluru,2025-09-02,19.67,774.04,Completed,3.5,UPI,39.35129639044229
R10902,D153,U312,Hyderabad,2025-09-13,2.31,505.97,Completed,3.5,Cash,219.03463203463204
R10903,D044,U587,Pune,2025-08-14,2.75,228.22,Cancelled,4.4,UPI,82.9890909090909
R10904,D269,U484,Bengaluru,2025-07-02,15.19,674.02,Completed,3.2,Card,44.372613561553656
R10905,D272,U488,Pune,2025-09-27,15.38,224.9,Completed,4.2,UPI,14.622886866059817
R10906,D165,U146,Hyderabad,2025-10-06,14.61,203.99,Completed,4.8,UPI,13.962354551676935
R10907,D196,U605,Bengaluru,2025-08-03,8.9,220.18,Completed,4.1,UPI,24.73932584269663
R10908,D242,U074,Hyderabad,2025-10-09,10.2,196.95,Cancelled,4.1,UPI,19.308823529411764
R10909,D269,U644,Chennai,2025-07-01,4.18,325.53,Completed,4.9,UPI,77.877990430622
R10910,D145,U765,Chennai,2025-09-26,9.29,783.68,Completed,3.3,UPI,84.35737351991389
R10911,D182,U522,Kochi,2025-07-14,5.99,539.33,Completed,4.8,Card,90.03839732888147
R10912,D161,U023,Chennai,2025-09-12,3.12,301.97,Completed,4.6,UPI,96.78525641025641
R10913,D224,U663,Pune,2025-07-15,12.03,655.04,Completed,4.7,Cash,54.45054031587697
R10914,D191,U687,Pune,2025-09-06,12.66,242.33,Completed,4.1,Card,19.14139020537125
R10915,D070,U763,Chennai,2025-09-29,10.53,431.02,Completed,3.4,UPI,40.932573599240264
R10916,D145,U723,Kochi,2025-07-19,6.99,208.31,Completed,3.4,UPI,29.801144492131616
R10917,D056,U551,Hyderabad,2025-10-06,4.52,155.26,Completed,4.5,UPI,34.349557522123895
R10918,D202,U260,Hyderabad,2025-07-24,3.75,440.97,Cancelled,3.4,UPI,117.59200000000001
R10919,D199,U044,Hyderabad,2025-09-14,12.93,611.77,Completed,4.3,Cash,47.31399845320959
R10920,D048,U120,Hyderabad,2025-08-21,10.8,140.95,Completed,4.8,UPI,13.050925925925924
R10921,D084,U253,Pune,2025-08-26,17.78,498.74,Completed,4.9,Cash,28.050618672665916
R10922,D103,U111,Chennai,2025-09-13,2.16,422.62,Completed,4.8,Cash,195.6574074074074
R10923,D025,U085,Hyderabad,2025-08-02,7.9,634.04,Completed,3.2,Cash,80.25822784810126
R10924,D226,U222,Pune,2025-10-05,4.76,420.67,Completed,3.2,UPI,88.37605042016807
R10925,D084,U199,Chennai,2025-07-01,17.72,245.85,Completed,3.1,Card,13.874153498871332
R10926,D061,U751,Kochi,2025-09-03,18.73,430.14,Completed,3.0,UPI,22.965296316070475
R10927,D080,U028,Pune,2025-08-04,10.62,542.71,Completed,4.5,Card,51.10263653483993
R10928,D165,U368,Chennai,2025-07-26,9.35,279.61,Completed,4.5,Cash,29.9048128342246
R10929,D140,U533,Kochi,2025-10-01,7.73,95.38,Completed,3.1,UPI,12.338939197930141
R10930,D070,U273,Pune,2025-09-13,10.1,385.66,Completed,4.7,UPI,38.18415841584159
R10931,D052,U079,Bengaluru,2025-08-22,15.66,373.96,Completed,3.6,UPI,23.879948914431672
R10932,D226,U138,Bengaluru,2025-07-30,4.89,286.58,Completed,4.2,UPI,58.605316973415135
R10933,D125,U520,Chennai,2025-08-20,9.59,243.4,Completed,4.8,UPI,25.380604796663192
R10934,D166,U273,Chennai,2025-08-16,1.81,333.14,Cancelled,3.5,UPI,184.0552486187845
R10935,D020,U712,Pune,2025-07-25,10.9,591.34,Completed,4.1,Cash,54.25137614678899
R10936,D220,U034,Chennai,2025-09-09,14.48,504.45,Completed,4.9,Cash,34.83770718232044
R10937,D190,U594,Pune,2025-07-29,10.13,211.1,Cancelled,4.7,UPI,20.8390918065153
R10938,D091,U689,Chennai,2025-07-12,10.62,466.28,Completed,4.1,UPI,43.90583804143126
R10939,D193,U784,Hyderabad,2025-08-06,1.68,138.88,Completed,3.7,Cash,82.66666666666667
R10940,D290,U104,Chennai,2025-07-08,4.91,483.13,Completed,4.7,UPI,98.39714867617107
R10941,D265,U640,Kochi,2025-08-02,1.79,352.3,Completed,4.0,Card,196.81564245810057
R10942,D182,U179,Bengaluru,2025-07-11,5.57,103.13,Completed,3.9,UPI,18.515260323159783
R10943,D188,U448,Chennai,2025-09-18,18.22,772.84,Completed,4.4,UPI,42.41712403951702
R10944,D297,U153,Hyderabad,2025-08-23,8.23,179.59,Completed,4.8,UPI,21.82138517618469
R10945,D124,U458,Chennai,2025-07-08,10.11,525.0,Completed,4.6,UPI,51.92878338278932
R10946,D093,U036,Pune,2025-08-19,17.77,224.43,Completed,3.9,UPI,12.629712999437254
R10947,D204,U373,Pune,2025-10-07,17.5,750.86,Completed,3.0,UPI,42.906285714285715
R10948,D025,U366,Chennai,2025-08-22,19.15,103.66,Completed,3.7,UPI,5.413054830287207
R10949,D164,U140,Kochi,2025-09-11,5.79,401.45,Completed,3.5,Cash,69.33506044905009
R10950,D015,U083,Chennai,2025-08-15,8.47,751.39,Cancelled,3.2,Cash,88.71192443919716
R10951,D005,U588,Bengaluru,2025-07-07,8.58,200.64,Completed,4.2,UPI,23.384615384615383
R10952,D138,U133,Hyderabad,2025-08-15,1.45,452.55,Completed,3.1,Card,312.1034482758621
R10953,D222,U343,Chennai,2025-10-06,9.29,60.67,Completed,4.7,Cash,6.5306781485468255
R10954,D144,U670,Bengaluru,2025-09-10,8.71,167.8,Completed,3.1,Card,19.265212399540758
R10955,D165,U325,Bengaluru,2025-07-24,11.85,600.27,Completed,3.2,Cash,50.655696202531644
R10956,D066,U153,Hyderabad,2025-07-05,14.51,367.63,Completed,3.5,UPI,25.33631977946244
R10957,D281,U194,Chennai,2025-07-25,3.24,259.87,Completed,3.6,UPI,80.20679012345678
R10958,D213,U657,Pune,2025-08-12,14.26,374.31,Completed,4.0,Cash,26.248948106591865
R10959,D227,U782,Pune,2025-09-29,10.31,719.73,Completed,3.9,Card,69.80892337536372
R10960,D275,U570,Hyderabad,2025-08-21,5.32,65.29,Completed,4.3,Card,12.272556390977444
R10961,D177,U756,Hyderabad,2025-09-07,10.14,400.94,Cancelled,4.2,UPI,39.54043392504931
R10962,D133,U064,Kochi,2025-09-11,17.77,319.5,Completed,3.9,UPI,17.97974113674733
R10963,D288,U315,Pune,2025-07-12,16.95,293.59,Completed,3.4,Card,17.32094395280236
R10964,D269,U549,Chennai,2025-08-16,18.15,787.14,Completed,3.2,UPI,43.368595041322315
R10965,D187,U742,Pune,2025-08-31,2.07,782.0,Completed,3.5,UPI,377.7777777777778
R10966,D250,U112,Pune,2025-08-26,13.2,648.92,Completed,3.2,Cash,49.16060606060606
R10967,D265,U530,Chennai,2025-10-01,14.39,99.46,Cancelled,4.0,Cash,6.91174426685198
R10968,D165,U310,Kochi,2025-10-01,16.39,735.57,Completed,4.9,Card,44.87919463087248
R10969,D133,U462,Chennai,2025-07-21,14.44,598.85,Completed,4.0,Cash,41.47160664819945
R10970,D188,U624,Bengaluru,2025-09-20,12.84,129.47,Cancelled,4.2,UPI,10.083333333333334
R10971,D079,U577,Hyderabad,2025-07-11,3.83,744.89,Completed,4.4,UPI,194.4882506527415
R10972,D006,U627,Hyderabad,2025-07-19,11.17,319.51,Completed,4.6,Cash,28.60429722470904
R10973,D300,U401,Pune,2025-10-06,19.28,343.34,Cancelled,3.3,Cash,17.80809128630705
R10974,D072,U046,Chennai,2025-09-23,14.4,396.4,Completed,4.7,UPI,27.527777777777775
R10975,D128,U265,Hyderabad,2025-09-30,18.45,261.49,Completed,3.6,Cash,14.17289972899729
R10976,D081,U111,Pune,2025-08-17,3.02,595.33,Completed,3.2,UPI,197.1291390728477
R10977,D223,U551,Bengaluru,2025-09-26,18.84,550.24,Completed,3.7,UPI,29.205944798301488
R10978,D078,U409,Bengaluru,2025-08-08,14.15,436.23,Completed,4.8,UPI,30.828975265017668
R10979,D276,U473,Hyderabad,2025-07-15,5.77,233.62,Completed,3.7,UPI,40.48873483535529
R10980,D287,U467,Bengaluru,2025-09-29,1.79,595.1,Completed,3.1,Card,332.4581005586592
R10981,D141,U309,Hyderabad,2025-09-06,13.38,254.71,Completed,4.8,UPI,19.036621823617338
R10982,D184,U785,Hyderabad,2025-07-03,15.02,645.42,Completed,4.1,UPI,42.97070572569907
R10983,D171,U491,Pune,2025-07-01,19.02,291.52,Completed,4.4,UPI,15.327024185068348
R10984,D010,U173,Pune,2025-08-19,2.96,743.57,Completed,3.7,UPI,251.2060810810811
R10985,D167,U078,Chennai,2025-10-07,14.79,293.16,Completed,3.6,Cash,19.821501014198788
R10986,D005,U770,Hyderabad,2025-07-10,11.23,241.36,Completed,3.5,UPI,21.492430988423866
R10987,D037,U757,Bengaluru,2025-08-16,16.71,604.43,Completed,4.4,UPI,36.171753441053255
R10988,D263,U592,Pune,2025-10-07,6.96,184.13,Completed,3.1,UPI,26.455459770114942
R10989,D112,U022,Kochi,2025-07-16,17.02,228.45,Completed,3.1,Cash,13.422444183313749
R10990,D178,U764,Hyderabad,2025-10-09,12.19,495.73,Completed,4.3,UPI,40.66694011484824
R10991,D103,U009,Kochi,2025-09-25,1.85,682.0,Cancelled,4.8,UPI,368.64864864864865
R10992,D045,U185,Chennai,2025-09-12,15.66,462.27,Completed,3.7,UPI,29.519157088122604
R10993,D171,U519,Kochi,2025-07-21,10.8,112.19,Completed,4.1,UPI,10.387962962962963
R10994,D154,U393,Chennai,2025-08-20,16.46,689.65,Cancelled,4.9,UPI,41.89854191980559
R10995,D232,U339,Pune,2025-09-19,5.63,681.9,Completed,3.8,UPI,121.1190053285968
R10996,D158,U668,Pune,2025-08-30,16.07,359.57,Completed,3.8,UPI,22.375233354075917
R10997,D117,U095,Pune,2025-07-06,5.54,585.18,Completed,4.7,Cash,105.62815884476534
R10998,D277,U663,Kochi,2025-09-11,4.18,726.35,Completed,3.8,Card,173.76794258373207
R10999,D086,U353,Pune,2025-08-26,15.99,181.66,Completed,4.0,UPI,11.360850531582239
R11000,D076,U578,Kochi,2025-08-30,7.16,136.66,Cancelled,4.6,Cash,19.08659217877095
R11001,D196,U677,Chennai,2025-08-14,2.46,63.31,Completed,4.5,Cash,25.73577235772358
R11002,D035,U595,Hyderabad,2025-08-13,11.95,194.97,Cancelled,3.4,UPI,16.315481171548118
R11003,D053,U255,Chennai,2025-07-29,1.14,59.86,Completed,3.4,Cash,52.50877192982457
R11004,D099,U394,Bengaluru,2025-07-07,13.74,314.59,Completed,3.1,UPI,22.89592430858806
R11005,D084,U307,Chennai,2025-09-14,9.56,617.06,Completed,4.4,UPI,64.5460251046025
R11006,D172,U766,Chennai,2025-09-03,15.26,655.72,Completed,3.3,Cash,42.96985583224116
R11007,D053,U798,Kochi,2025-10-08,15.19,697.62,Completed,4.9,UPI,45.92626728110599
R11008,D002,U188,Pune,2025-08-10,9.38,445.65,Completed,4.4,Cash,47.51066098081023
R11009,D214,U099,Kochi,2025-09-20,8.36,279.67,Completed,3.1,UPI,33.45334928229666
R11010,D177,U393,Hyderabad,2025-07-25,16.12,214.86,Completed,4.8,Cash,13.3287841191067
R11011,D089,U199,Hyderabad,2025-08-20,1.79,738.51,Completed,4.3,UPI,412.5754189944134
R11012,D274,U623,Chennai,2025-10-06,3.61,723.19,Cancelled,4.4,UPI,200.3296398891967
R11013,D246,U359,Kochi,2025-07-04,17.18,390.53,Cancelled,3.9,UPI,22.731664726426075
R11014,D246,U753,Chennai,2025-07-15,15.83,212.58,Completed,4.0,UPI,13.42893240682249
R11015,D280,U382,Bengaluru,2025-09-16,9.7,309.52,Completed,4.4,Cash,31.909278350515464
R11016,D174,U718,Chennai,2025-09-14,19.72,162.42,Completed,4.9,Cash,8.23630831643002
R11017,D148,U107,Chennai,2025-09-19,9.09,306.66,Completed,3.0,UPI,33.73597359735974
R11018,D223,U420,Pune,2025-08-12,13.67,313.7,Completed,4.0,UPI,22.94806144842721
R11019,D075,U151,Pune,2025-08-14,11.55,87.81,Completed,3.4,Cash,7.602597402597402
R11020,D280,U426,Kochi,2025-08-13,19.61,342.72,Completed,4.2,Card,17.476797552269254
R11021,D158,U517,Kochi,2025-09-11,5.38,597.25,Completed,4.1,UPI,111.01301115241635
R11022,D092,U172,Bengaluru,2025-09-25,9.02,200.14,Completed,3.2,UPI,22.188470066518846
R11023,D131,U271,Chennai,2025-08-18,10.24,62.6,Cancelled,3.3,Card,6.11328125
R11024,D098,U773,Pune,2025-09-08,5.22,442.29,Completed,4.9,Cash,84.72988505747128
R11025,D138,U092,Pune,2025-10-04,7.35,574.09,Completed,3.3,Cash,78.10748299319728
R11026,D105,U374,Kochi,2025-09-03,4.52,282.59,Completed,3.0,Card,62.519911504424776
R11027,D246,U645,Bengaluru,2025-07-09,4.83,80.16,Completed,3.3,UPI,16.596273291925463
R11028,D267,U171,Kochi,2025-10-06,16.7,627.91,Completed,4.3,UPI,37.59940119760479
R11029,D052,U417,Chennai,2025-08-01,18.94,211.26,Completed,3.4,Cash,11.154171066525869
R11030,D090,U016,Bengaluru,2025-08-03,9.18,289.63,Completed,4.8,Cash,31.550108932461875
R11031,D066,U210,Chennai,2025-07-21,13.05,691.12,Completed,3.5,Card,52.959386973180074
R11032,D033,U165,Bengaluru,2025-07-04,9.79,549.64,Cancelled,3.0,UPI,56.14300306435138
R11033,D284,U556,Bengaluru,2025-10-04,11.22,236.15,Completed,5.0,UPI,21.04723707664884
R11034,D020,U596,Pune,2025-09-02,15.88,744.06,Completed,4.6,Cash,46.85516372795969
R11035,D114,U442,Bengaluru,2025-08-29,3.22,339.26,Completed,4.7,UPI,105.36024844720497
R11036,D256,U776,Chennai,2025-08-05,10.99,400.34,Completed,3.5,Cash,36.427661510464056
R11037,D086,U545,Bengaluru,2025-08-16,17.48,652.28,Completed,4.6,Cash,37.315789473684205
R11038,D210,U629,Pune,2025-07-27,9.88,576.97,Completed,4.7,UPI,58.39777327935222
R11039,D012,U041,Kochi,2025-07-29,2.07,508.27,Cancelled,4.8,Cash,245.54106280193238
R11040,D144,U425,Kochi,2025-09-11,7.33,354.46,Completed,3.5,UPI,48.35743519781719
R11041,D031,U429,Pune,2025-10-02,12.29,71.01,Completed,4.2,UPI,5.777868185516681
R11042,D216,U534,Kochi,2025-07-23,8.61,188.41,Completed,4.5,UPI,21.88269454123113
R11043,D018,U539,Chennai,2025-07-23,8.54,735.54,Completed,4.1,UPI,86.1288056206089
R11044,D204,U124,Chennai,2025-08-07,14.69,216.22,Completed,3.8,UPI,14.718856364874064
R11045,D131,U131,Chennai,2025-09-29,6.62,712.87,Completed,4.2,Cash,107.68429003021149
R11046,D124,U748,Kochi,2025-07-18,19.93,74.71,Completed,3.4,Cash,3.7486201705970896
R11047,D286,U616,Bengaluru,2025-08-15,5.1,584.93,Completed,4.1,UPI,114.6921568627451
R11048,D226,U091,Pune,2025-08-04,18.52,472.14,Completed,3.1,UPI,25.49352051835853
R11049,D043,U368,Kochi,2025-07-18,10.51,489.77,Completed,3.1,Cash,46.600380589914366
R11050,D213,U768,Kochi,2025-09-10,5.16,319.46,Completed,4.0,Cash,61.910852713178286
R11051,D141,U344,Chennai,2025-09-14,6.69,457.81,Cancelled,3.5,Cash,68.43198804185351
R11052,D064,U440,Bengaluru,2025-09-01,7.4,275.24,Completed,4.9,UPI,37.19459459459459
R11053,D002,U704,Kochi,2025-07-12,5.2,430.5,Completed,3.5,UPI,82.78846153846153
R11054,D026,U620,Bengaluru,2025-07-24,16.1,165.08,Completed,4.9,UPI,10.253416149068324
R11055,D159,U090,Chennai,2025-09-21,7.88,641.09,Completed,4.7,UPI,81.35659898477158
R11056,D067,U578,Bengaluru,2025-07-21,18.53,329.76,Completed,4.7,Card,17.79600647598489
R11057,D196,U325,Bengaluru,2025-07-17,16.1,70.66,Completed,3.2,Cash,4.388819875776397
R11058,D230,U240,Kochi,2025-08-09,1.47,763.88,Completed,3.4,UPI,519.6462585034013
R11059,D232,U784,Bengaluru,2025-07-12,6.84,449.82,Completed,3.1,Card,65.76315789473684
R11060,D167,U643,Kochi,2025-08-18,14.92,298.3,Completed,4.0,UPI,19.99329758713137
R11061,D277,U533,Chennai,2025-08-05,13.22,184.15,Completed,3.1,UPI,13.92965204236006
R11062,D067,U362,Hyderabad,2025-10-02,10.03,662.73,Completed,4.7,Cash,66.07477567298106
R11063,D102,U429,Chennai,2025-07-29,2.89,595.09,Completed,3.2,UPI,205.9134948096886
R11064,D025,U272,Pune,2025-07-07,19.4,116.28,Completed,3.3,UPI,5.993814432989692
R11065,D229,U054,Bengaluru,2025-08-04,7.31,241.31,Completed,3.5,Cash,33.0109439124487
R11066,D083,U326,Kochi,2025-08-06,17.09,433.94,Completed,3.2,Card,25.391456992393213
R11067,D194,U170,Hyderabad,2025-08-04,15.99,504.47,Completed,3.1,Cash,31.549093183239528
R11068,D021,U476,Chennai,2025-08-15,19.68,759.53,Cancelled,3.5,Cash,38.59400406504065
R11069,D094,U353,Hyderabad,2025-07-02,9.49,172.07,Completed,3.2,Cash,18.13171759747102
R11070,D045,U685,Chennai,2025-10-04,5.75,345.51,Completed,4.6,UPI,60.08869565217391
R11071,D108,U784,Pune,2025-08-18,19.16,622.98,Cancelled,3.0,UPI,32.51461377870564
R11072,D237,U455,Hyderabad,2025-10-07,8.76,725.83,Completed,4.4,UPI,82.85730593607306
R11073,D018,U606,Pune,2025-08-10,7.48,187.89,Completed,3.3,Cash,25.11898395721925
R11074,D017,U507,Bengaluru,2025-08-01,3.5,150.83,Completed,3.3,Cash,43.09428571428572
R11075,D119,U666,Bengaluru,2025-07-07,12.76,391.32,Cancelled,3.3,UPI,30.66771159874608
R11076,D261,U382,Bengaluru,2025-07-12,9.17,400.11,Completed,4.1,Cash,43.63249727371865
R11077,D011,U304,Chennai,2025-09-12,18.39,254.36,Cancelled,4.2,UPI,13.831430125067971
R11078,D198,U743,Hyderabad,2025-07-22,19.1,605.38,Completed,3.9,Cash,31.69528795811518
R11079,D295,U433,Hyderabad,2025-07-20,11.32,677.28,Completed,3.6,Cash,59.830388692579504
R11080,D052,U572,Pune,2025-10-04,14.69,194.57,Completed,3.7,UPI,13.245064669843432
R11081,D239,U282,Hyderabad,2025-09-17,15.89,745.89,Completed,4.4,Card,46.94084329767149
R11082,D153,U229,Pune,2025-08-05,17.59,118.0,Completed,4.1,UPI,6.708357021034679
R11083,D018,U797,Pune,2025-09-30,2.15,403.64,Completed,3.6,UPI,187.73953488372092
R11084,D103,U017,Bengaluru,2025-07-25,2.06,486.84,Completed,4.3,Cash,236.33009708737862
R11085,D129,U664,Bengaluru,2025-09-18,18.13,783.94,Completed,4.3,UPI,43.23993381136239
R11086,D221,U435,Bengaluru,2025-07-30,8.13,399.22,Completed,3.3,UPI,49.104551045510455
R11087,D094,U766,Chennai,2025-09-06,16.68,676.12,Completed,3.6,Cash,40.534772182254194
R11088,D264,U651,Bengaluru,2025-09-05,9.45,561.55,Completed,3.1,UPI,59.423280423280424
R11089,D170,U648,Pune,2025-09-06,17.29,339.45,Completed,3.7,Cash,19.632735685367265
R11090,D093,U309,Pune,2025-08-12,12.2,535.91,Cancelled,3.8,Cash,43.92704918032787
R11091,D156,U511,Hyderabad,2025-09-19,3.2,707.53,Completed,3.2,Cash,221.10312499999998
R11092,D064,U567,Pune,2025-09-04,19.15,533.32,Completed,3.7,UPI,27.849608355091387
R11093,D259,U170,Kochi,2025-07-22,8.71,770.04,Completed,4.4,UPI,88.40872560275544
R11094,D054,U145,Hyderabad,2025-07-18,19.94,739.66,Completed,3.6,UPI,37.09428284854563
R11095,D164,U378,Bengaluru,2025-09-02,6.52,122.4,Completed,3.7,UPI,18.77300613496933
R11096,D201,U379,Kochi,2025-08-26,15.83,757.44,Completed,4.7,Cash,47.848389134554644
R11097,D273,U278,Chennai,2025-07-03,15.83,100.77,Cancelled,3.1,UPI,6.365761212886923
R11098,D196,U712,Kochi,2025-08-22,10.89,599.08,Completed,4.8,UPI,55.0119375573921
R11099,D197,U625,Chennai,2025-09-08,5.31,121.32,Completed,3.3,UPI,22.847457627118644
R11100,D269,U428,Pune,2025-08-16,5.28,52.06,Completed,3.7,Card,9.859848484848484
R11101,D127,U415,Hyderabad,2025-09-24,5.37,536.45,Completed,3.1,UPI,99.89757914338921
R11102,D029,U473,Hyderabad,2025-07-30,4.6,722.42,Completed,3.9,UPI,157.04782608695652
R11103,D122,U178,Bengaluru,2025-10-07,8.07,264.84,Completed,3.3,Cash,32.817843866170996
R11104,D217,U420,Chennai,2025-07-19,16.64,264.94,Completed,3.6,UPI,15.921875
R11105,D093,U343,Chennai,2025-10-01,3.94,504.43,Completed,4.9,UPI,128.0279187817259
R11106,D152,U097,Pune,2025-07-13,18.52,153.28,Completed,4.0,UPI,8.27645788336933
R11107,D100,U028,Kochi,2025-08-06,12.2,677.27,Cancelled,5.0,Cash,55.51393442622951
R11108,D075,U525,Hyderabad,2025-08-21,17.94,569.55,Cancelled,4.6,UPI,31.74749163879598
R11109,D042,U098,Pune,2025-09-07,14.42,120.12,Completed,4.6,UPI,8.330097087378642
R11110,D149,U049,Bengaluru,2025-09-12,14.8,529.36,Completed,5.0,Card,35.76756756756757
R11111,D087,U493,Hyderabad,2025-08-15,8.48,521.45,Completed,4.0,UPI,61.49174528301887
R11112,D011,U203,Kochi,2025-07-12,17.18,87.57,Cancelled,4.8,UPI,5.09720605355064
R11113,D137,U717,Kochi,2025-10-05,6.73,135.72,Completed,3.7,UPI,20.166419019316493
R11114,D074,U289,Pune,2025-08-18,10.87,564.24,Completed,4.3,UPI,51.90800367985281
R11115,D144,U069,Chennai,2025-08-19,2.6,486.41,Completed,4.7,UPI,187.08076923076922
R11116,D031,U784,Chennai,2025-07-21,5.19,571.93,Completed,4.5,UPI,110.1984585741811
R11117,D074,U130,Pune,2025-07-06,16.82,185.94,Completed,4.3,Cash,11.054696789536266
R11118,D224,U415,Hyderabad,2025-09-22,2.96,139.94,Cancelled,4.8,Cash,47.277027027027025
R11119,D135,U326,Pune,2025-09-04,8.45,91.86,Completed,4.1,UPI,10.871005917159763
R11120,D076,U796,Chennai,2025-09-29,16.89,555.65,Completed,3.0,Cash,32.898164594434576
R11121,D281,U037,Kochi,2025-07-23,1.92,346.72,Completed,3.4,UPI,180.58333333333334
R11122,D184,U763,Pune,2025-08-25,2.48,88.62,Completed,4.5,UPI,35.733870967741936
R11123,D209,U253,Pune,2025-07-25,18.26,354.37,Completed,3.1,Cash,19.406900328587074
R11124,D028,U510,Chennai,2025-09-13,8.29,194.45,Completed,3.4,UPI,23.45597104945718
R11125,D204,U661,Chennai,2025-09-30,19.24,473.42,Completed,3.4,Cash,24.60602910602911
R11126,D131,U512,Chennai,2025-07-19,12.74,154.56,Completed,3.3,UPI,12.131868131868131
R11127,D204,U749,Hyderabad,2025-08-01,6.02,52.25,Completed,4.1,Cash,8.679401993355482
R11128,D099,U598,Hyderabad,2025-08-05,9.6,87.53,Completed,3.8,UPI,9.117708333333335
R11129,D078,U046,Chennai,2025-09-16,4.41,583.0,Completed,3.4,Cash,132.19954648526075
R11130,D270,U408,Bengaluru,2025-09-15,17.3,200.1,Completed,3.2,UPI,11.566473988439306
R11131,D168,U264,Kochi,2025-09-02,9.01,615.29,Cancelled,4.4,UPI,68.2896781354051
R11132,D109,U571,Chennai,2025-09-10,3.43,557.77,Completed,4.9,UPI,162.61516034985422
R11133,D161,U563,Bengaluru,2025-08-14,3.51,738.84,Completed,3.0,Cash,210.49572649572653
R11134,D107,U294,Pune,2025-07-16,15.13,187.72,Completed,3.7,Cash,12.407138136153337
R11135,D075,U626,Kochi,2025-09-20,8.86,444.97,Cancelled,3.6,Card,50.22234762979684
R11136,D057,U383,Bengaluru,2025-08-09,15.39,755.95,Completed,3.2,Cash,49.11955815464587
R11137,D004,U239,Bengaluru,2025-09-30,14.09,794.18,Completed,4.9,UPI,56.36479772888573
R11138,D069,U176,Bengaluru,2025-09-23,11.45,376.33,Completed,4.6,Cash,32.86724890829694
R11139,D078,U424,Hyderabad,2025-10-02,6.49,281.15,Completed,3.0,UPI,43.32049306625577
R11140,D078,U183,Chennai,2025-08-28,14.82,160.65,Completed,4.2,UPI,10.84008097165992
R11141,D054,U307,Hyderabad,2025-08-24,1.09,685.81,Cancelled,3.3,UPI,629.183486238532
R11142,D077,U358,Bengaluru,2025-09-21,18.42,647.96,Completed,3.9,Cash,35.176981541802384
R11143,D227,U107,Chennai,2025-08-25,8.71,673.65,Completed,3.2,Cash,77.34213547646382
R11144,D057,U149,Hyderabad,2025-08-23,7.94,116.22,Completed,4.8,UPI,14.63727959697733
R11145,D004,U343,Chennai,2025-10-04,1.87,237.64,Completed,3.3,UPI,127.0802139037433
R11146,D140,U175,Kochi,2025-10-05,9.73,606.79,Completed,4.6,Card,62.36279547790338
R11147,D042,U716,Hyderabad,2025-09-21,16.85,276.53,Completed,4.6,Cash,16.411275964391688
R11148,D051,U674,Chennai,2025-07-31,4.19,388.41,Completed,4.2,Cash,92.69928400954653
R11149,D226,U452,Kochi,2025-07-23,10.26,385.96,Completed,4.6,Cash,37.61793372319688
R11150,D081,U026,Kochi,2025-07-10,10.35,689.07,Completed,3.2,UPI,66.57681159420291
R11151,D068,U702,Pune,2025-09-30,6.46,439.46,Completed,4.8,UPI,68.02786377708978
R11152,D250,U093,Hyderabad,2025-07-29,1.45,793.61,Completed,3.7,Cash,547.3172413793104
R11153,D235,U621,Hyderabad,2025-08-07,14.76,578.21,Completed,4.6,UPI,39.174119241192415
R11154,D041,U438,Bengaluru,2025-08-13,10.11,695.25,Completed,4.5,UPI,68.76854599406529
R11155,D262,U066,Kochi,2025-07-28,13.2,436.62,Completed,4.7,Cash,33.07727272727273
R11156,D011,U560,Pune,2025-09-08,3.87,66.9,Completed,4.2,UPI,17.28682170542636
R11157,D171,U629,Kochi,2025-08-15,7.51,209.35,Completed,4.3,UPI,27.876165113182424
R11158,D033,U124,Kochi,2025-07-26,12.41,581.92,Cancelled,3.1,Cash,46.89121676067687
R11159,D137,U598,Kochi,2025-07-01,10.68,705.63,Completed,4.7,UPI,66.07022471910112
R11160,D132,U010,Hyderabad,2025-07-08,3.14,125.89,Completed,3.2,Cash,40.09235668789809
R11161,D105,U488,Hyderabad,2025-07-05,12.84,586.1,Completed,4.6,Cash,45.64641744548287
R11162,D251,U592,Chennai,2025-08-30,18.93,287.27,Completed,4.7,UPI,15.17538298996302
R11163,D276,U634,Pune,2025-08-30,2.2,560.97,Completed,4.6,UPI,254.98636363636362
R11164,D249,U307,Bengaluru,2025-09-11,7.89,698.25,Cancelled,4.3,UPI,88.49809885931559
R11165,D192,U422,Chennai,2025-08-28,11.87,285.83,Completed,3.4,UPI,24.080033698399326
R11166,D171,U728,Kochi,2025-08-24,19.29,425.9,Completed,4.3,Card,22.078797304302746
R11167,D207,U659,Chennai,2025-09-21,11.93,526.35,Completed,4.8,Card,44.119865884325236
R11168,D160,U467,Hyderabad,2025-07-22,7.58,509.51,Completed,3.2,Card,67.21767810026385
R11169,D171,U349,Kochi,2025-08-24,17.94,761.95,Completed,3.1,Card,42.47212931995541
R11170,D104,U116,Pune,2025-08-05,19.53,604.5,Completed,3.3,UPI,30.95238095238095
R11171,D163,U178,Chennai,2025-09-27,1.35,61.25,Completed,4.9,Cash,45.37037037037037
R11172,D212,U251,Bengaluru,2025-07-28,15.09,200.2,Completed,4.1,UPI,13.267064280980781
R11173,D172,U600,Chennai,2025-09-14,11.77,609.68,Completed,3.4,Cash,51.79949022939677
R11174,D064,U279,Bengaluru,2025-09-10,17.47,232.09,Completed,3.6,UPI,13.285060103033773
R11175,D099,U575,Pune,2025-09-26,13.82,684.29,Completed,4.5,Cash,49.51447178002894
R11176,D137,U379,Kochi,2025-10-08,19.16,240.96,Completed,4.0,UPI,12.576200417536535
R11177,D001,U327,Hyderabad,2025-07-18,7.62,783.44,Completed,4.3,Card,102.81364829396325
R11178,D183,U733,Kochi,2025-08-27,16.83,559.18,Completed,3.5,Cash,33.22519310754605
R11179,D263,U512,Pune,2025-07-20,16.84,96.68,Completed,4.3,Cash,5.741092636579573
R11180,D129,U289,Pune,2025-09-09,5.03,674.18,Completed,3.9,UPI,134.03180914512922
R11181,D295,U316,Hyderabad,2025-07-31,8.84,427.21,Completed,3.9,UPI,48.32692307692307
R11182,D218,U483,Pune,2025-08-20,16.51,365.09,Completed,4.5,Cash,22.113264688067833
R11183,D060,U707,Chennai,2025-08-25,7.29,779.98,Cancelled,3.3,UPI,106.99314128943759
R11184,D128,U477,Pune,2025-08-27,16.97,318.41,Completed,3.8,Card,18.7631113730112
R11185,D093,U084,Chennai,2025-07-16,14.96,105.66,Completed,3.4,Cash,7.06283422459893
R11186,D010,U318,Pune,2025-08-07,9.12,520.93,Completed,4.3,Cash,57.11951754385965
R11187,D048,U306,Hyderabad,2025-08-24,4.07,595.02,Completed,3.0,Cash,146.19656019656017
R11188,D026,U757,Bengaluru,2025-10-06,14.91,479.81,Completed,5.0,UPI,32.180415828303154
R11189,D229,U368,Bengaluru,2025-09-25,12.66,486.42,Completed,3.2,UPI,38.4218009478673
R11190,D266,U038,Kochi,2025-08-13,2.02,728.33,Completed,4.0,Cash,360.5594059405941
R11191,D114,U500,Chennai,2025-07-25,11.94,492.28,Completed,3.7,Card,41.22948073701843
R11192,D153,U096,Bengaluru,2025-07-10,5.91,621.03,Completed,4.9,UPI,105.08121827411166
R11193,D165,U729,Kochi,2025-07-01,16.51,129.0,Completed,4.5,UPI,7.8134463961235605
R11194,D014,U470,Chennai,2025-09-21,11.73,749.33,Completed,3.8,Cash,63.88150042625746
R11195,D145,U714,Pune,2025-09-19,10.71,81.02,Completed,3.5,UPI,7.564892623716152
R11196,D112,U301,Kochi,2025-10-08,18.54,536.73,Completed,4.4,UPI,28.949838187702266
R11197,D209,U273,Hyderabad,2025-07-05,18.87,726.9,Completed,4.9,UPI,38.52146263910969
R11198,D113,U251,Bengaluru,2025-07-24,14.62,489.62,Completed,3.2,Cash,33.489740082079344
R11199,D069,U416,Bengaluru,2025-07-29,10.14,70.18,Completed,3.6,UPI,6.921104536489152
